,medal_type,country_code,discipline,code_athlete
0,Gold,BEL,Cycling Road,1903136
1,Silver,ITA,Cycling Road,1923520
2,Bronze,BEL,Cycling Road,1903147
3,Gold,AUS,Cycling Road,1940173
4,Silver,GBR,Cycling Road,1912525
5,Bronze,USA,Cycling Road,1955079
6,Gold,KOR,Fencing,1927149
7,Silver,TUN,Fencing,1937783
8,Bronze,ITA,Fencing,1924595
9,Gold,HKG,Fencing,1963262
10,Silver,FRA,Fencing,1916183
11,Bronze,HUN,Fencing,1946375
12,Gold,KAZ,Judo,1935408
13,Silver,FRA,Judo,1891304
14,Bronze,JPN,Judo,1896752
15,Bronze,ESP,Judo,1563544
16,Gold,JPN,Judo,1896735
17,Silver,MGL,Judo,1914467
18,Bronze,FRA,Judo,1891280
19,Bronze,SWE,Judo,1571911
20,Gold,GER,Swimming,1907192
21,Silver,AUS,Swimming,1946172
22,Bronze,KOR,Swimming,4654306
23,Gold,AUS,Swimming,1946150
24,Silver,CAN,Swimming,1967140
25,Bronze,USA,Swimming,1935938
26,Gold,AUS,Canoe Slalom,1940205
27,Silver,POL,Canoe Slalom,1942126
28,Bronze,GBR,Canoe Slalom,1896045
29,Gold,FRA,Cycling Mountain Bike,1895672
30,Silver,USA,Cycling Mountain Bike,1955070
31,Bronze,SWE,Cycling Mountain Bike,1564023
32,Gold,JPN,Fencing,1896548
33,Silver,FRA,Fencing,1916194
34,Bronze,EGY,Fencing,1936462
35,Gold,USA,Fencing,1950611
36,Silver,USA,Fencing,1950643
37,Bronze,CAN,Fencing,1973213
38,Gold,JPN,Judo,1896763
39,Silver,BRA,Judo,1953840
40,Bronze,KAZ,Judo,1935410
41,Bronze,MDA,Judo,1561138
42,Gold,UZB,Judo,1566997
43,Silver,KOS,Judo,1550162
44,Bronze,BRA,Judo,1953817
45,Bronze,FRA,Judo,1891283
46,Gold,CHN,Shooting,1913907
47,Silver,ITA,Shooting,1551388
48,Bronze,ITA,Shooting,1551387
49,Gold,KOR,Shooting,1893972
50,Silver,KOR,Shooting,1893930
51,Bronze,IND,Shooting,1538159
52,Gold,JPN,Skateboarding,1902055
53,Silver,JPN,Skateboarding,1902069
54,Bronze,BRA,Skateboarding,1955689
55,Gold,ITA,Swimming,1925633
56,Silver,GBR,Swimming,1956469
57,Silver,USA,Swimming,1935901
58,Gold,FRA,Swimming,1909294
59,Silver,JPN,Swimming,1963635
60,Bronze,USA,Swimming,1935903
61,Gold,USA,Swimming,1935923
62,Silver,USA,Swimming,1935998
63,Bronze,CHN,Swimming,1945125
64,Gold,FRA,Canoe Slalom,1880479
65,Silver,GBR,Canoe Slalom,1896030
66,Bronze,SVK,Canoe Slalom,1961080
67,Gold,GBR,Cycling Mountain Bike,1912546
68,Silver,FRA,Cycling Mountain Bike,1895687
69,Bronze,RSA,Cycling Mountain Bike,1943604
70,Gold,GER,Equestrian,1914921
71,Silver,AUS,Equestrian,1940438
72,Bronze,GBR,Equestrian,1970898
73,Gold,HKG,Fencing,1963245
74,Silver,ITA,Fencing,1924289
75,Bronze,USA,Fencing,1950602
76,Gold,FRA,Fencing,1916223
77,Silver,FRA,Fencing,1916222
78,Bronze,UKR,Fencing,1897644
79,Gold,AZE,Judo,1972337
80,Silver,FRA,Judo,1891311
81,Bronze,MDA,Judo,1563437
82,Bronze,JPN,Judo,1896740
83,Gold,CAN,Judo,1955526
84,Silver,KOR,Judo,1928067
85,Bronze,JPN,Judo,1896733
86,Bronze,FRA,Judo,1891286
87,Gold,CHN,Shooting,1913899
88,Silver,SWE,Shooting,1572919
89,Bronze,CRO,Shooting,1888047
90,Gold,KOR,Shooting,1893845
91,Silver,CHN,Shooting,1913945
92,Bronze,SUI,Shooting,1976545
93,Gold,JPN,Skateboarding,1902081
94,Silver,USA,Skateboarding,1944226
95,Bronze,USA,Skateboarding,1944232
96,Gold,ITA,Swimming,1925635
97,Silver,CHN,Swimming,1945132
98,Bronze,USA,Swimming,1935957
99,Gold,ROU,Swimming,1543549
100,Silver,GBR,Swimming,1903617
101,Bronze,USA,Swimming,1935918
102,Gold,RSA,Swimming,1962589
103,Silver,CHN,Swimming,1945200
104,Bronze,IRL,Swimming,1543304
105,Gold,AUS,Swimming,1946218
106,Silver,AUS,Swimming,1946150
107,Bronze,HKG,Swimming,1925125
108,Gold,CAN,Swimming,1967140
109,Silver,USA,Swimming,1935909
110,Bronze,USA,Swimming,1936001
111,Gold,JPN,Judo,1896765
112,Silver,GEO,Judo,1546651
113,Bronze,KOR,Judo,1928079
114,Bronze,TJK,Judo,1570561
115,Gold,SLO,Judo,1980833
116,Silver,MEX,Judo,1537287
117,Bronze,FRA,Judo,1891289
118,Bronze,KOS,Judo,1550167
119,Gold,GBR,Shooting,1904430
120,Silver,CHN,Shooting,1913928
121,Bronze,GUA,Shooting,1958970
122,Gold,IRL,Swimming,1539969
123,Silver,USA,Swimming,1935902
124,Bronze,ITA,Swimming,1925630
125,Gold,AUS,Swimming,1946198
126,Silver,USA,Swimming,1935984
127,Bronze,USA,Swimming,1935873
128,Gold,JPN,Artistic Gymnastics,1919480
129,Silver,CHN,Artistic Gymnastics,1918864
130,Bronze,CHN,Artistic Gymnastics,1918860
131,Gold,AUS,Canoe Slalom,1940205
132,Silver,GER,Canoe Slalom,1913770
133,Bronze,USA,Canoe Slalom,1955132
134,Gold,ARG,Cycling BMX Freestyle,1916809
135,Silver,GBR,Cycling BMX Freestyle,1912548
136,Bronze,FRA,Cycling BMX Freestyle,1895685
137,Gold,CHN,Cycling BMX Freestyle,1920569
138,Silver,USA,Cycling BMX Freestyle,1955071
139,Bronze,AUS,Cycling BMX Freestyle,1940118
140,Gold,GEO,Judo,1548817
141,Silver,JPN,Judo,1896750
142,Bronze,FRA,Judo,1891318
143,Bronze,GRE,Judo,1961318
144,Gold,CRO,Judo,1898499
145,Silver,GER,Judo,1563082
146,Bronze,AUT,Judo,1566421
147,Bronze,BEL,Judo,1903248
148,Gold,GUA,Shooting,1958899
149,Silver,ITA,Shooting,1915317
150,Bronze,AUS,Shooting,1967454
151,Gold,CHN,Swimming,1945148
152,Silver,AUS,Swimming,1946200
153,Bronze,ROU,Swimming,1543549
154,Gold,FRA,Swimming,1909294
155,Silver,AUS,Swimming,1946185
156,Bronze,NED,Swimming,1972545
157,Gold,FRA,Swimming,1909294
158,Silver,HUN,Swimming,1905860
159,Bronze,CAN,Swimming,1967058
160,Gold,SWE,Swimming,1572557
161,Silver,USA,Swimming,1935923
162,Bronze,HKG,Swimming,1925125
163,Gold,USA,Swimming,1935938
164,Silver,FRA,Swimming,1909209
165,Bronze,GER,Swimming,1907171
166,Gold,GBR,Triathlon,1904251
167,Silver,NZL,Triathlon,1926549
168,Bronze,FRA,Triathlon,1543967
169,Gold,FRA,Triathlon,1543963
170,Silver,SUI,Triathlon,1976489
171,Bronze,GBR,Triathlon,1904244
172,Gold,USA,Artistic Gymnastics,1959861
173,Silver,BRA,Artistic Gymnastics,1953634
174,Bronze,USA,Artistic Gymnastics,1959866
175,Gold,ECU,Athletics,1929767
176,Silver,BRA,Athletics,1951928
177,Bronze,ESP,Athletics,1904165
178,Gold,CHN,Athletics,1919002
179,Silver,ESP,Athletics,1905369
180,Bronze,AUS,Athletics,1939791
181,Gold,ITA,Canoe Slalom,1550975
182,Silver,FRA,Canoe Slalom,1880464
183,Bronze,ESP,Canoe Slalom,1953935
184,Gold,AZE,Judo,1972367
185,Silver,GEO,Judo,1552370
186,Bronze,ISR,Judo,1892957
187,Bronze,UZB,Judo,1565754
188,Gold,ITA,Judo,1925349
189,Silver,ISR,Judo,1892794
190,Bronze,CHN,Judo,1891067
191,Bronze,POR,Judo,1943504
192,Gold,CHN,Shooting,1913922
193,Silver,UKR,Shooting,1555976
194,Bronze,IND,Shooting,1538084
195,Gold,HUN,Swimming,1904977
196,Silver,GRE,Swimming,1954557
197,Bronze,SUI,Swimming,1977754
198,Gold,USA,Swimming,1935895
199,Silver,RSA,Swimming,1962589
200,Bronze,NED,Swimming,1972525
201,Gold,CAN,Swimming,1967140
202,Silver,USA,Swimming,1935984
203,Bronze,CHN,Swimming,1945125
204,Gold,UGA,Athletics,1970827
205,Silver,ETH,Athletics,1536998
206,Bronze,USA,Athletics,1960959
207,Gold,FRA,Cycling BMX Racing,1895661
208,Silver,FRA,Cycling BMX Racing,1895640
209,Bronze,FRA,Cycling BMX Racing,1895700
210,Gold,AUS,Cycling BMX Racing,1940127
211,Silver,NED,Cycling BMX Racing,1969181
212,Bronze,SUI,Cycling BMX Racing,1976480
213,Gold,FRA,Judo,1891323
214,Silver,KOR,Judo,1928072
215,Bronze,TJK,Judo,1567512
216,Bronze,UZB,Judo,1566931
217,Gold,BRA,Judo,1953777
218,Silver,ISR,Judo,1892796
219,Bronze,KOR,Judo,1928070
220,Bronze,FRA,Judo,1891300
221,Gold,SUI,Shooting,1977709
222,Silver,USA,Shooting,1944373
223,Bronze,CHN,Shooting,1913972
224,Gold,FRA,Swimming,1909294
225,Silver,GBR,Swimming,1903621
226,Bronze,CHN,Swimming,1945186
227,Gold,AUS,Swimming,1946161
228,Silver,GBR,Swimming,1903616
229,Bronze,FRA,Swimming,1909292
230,Gold,AUS,Swimming,1946198
231,Silver,USA,Swimming,1935984
232,Bronze,CAN,Swimming,1967104
233,Bronze,POL,Tennis,1931815
234,Gold,AIN,Trampoline Gymnastics,1937347
235,Silver,CHN,Trampoline Gymnastics,1918790
236,Bronze,CHN,Trampoline Gymnastics,1918789
237,Gold,GBR,Trampoline Gymnastics,1904745
238,Silver,AIN,Trampoline Gymnastics,1938437
239,Bronze,CAN,Trampoline Gymnastics,1973102
240,Gold,KOR,Archery,1902147
241,Silver,KOR,Archery,1902148
242,Bronze,FRA,Archery,1541265
243,Gold,PHI,Artistic Gymnastics,1975874
244,Silver,ISR,Artistic Gymnastics,1908195
245,Bronze,GBR,Artistic Gymnastics,1904741
246,Gold,IRL,Artistic Gymnastics,1539986
247,Silver,KAZ,Artistic Gymnastics,1931577
248,Bronze,USA,Artistic Gymnastics,1959865
249,Gold,USA,Artistic Gymnastics,1959861
250,Silver,BRA,Artistic Gymnastics,1953634
251,Bronze,USA,Artistic Gymnastics,1959819
252,Gold,NOR,Athletics,1878353
253,Silver,GER,Athletics,1920180
254,Bronze,GRN,Athletics,1573388
255,Gold,USA,Athletics,1960688
256,Silver,USA,Athletics,1965246
257,Bronze,JAM,Athletics,1564189
258,Gold,LCA,Athletics,1537325
259,Silver,USA,Athletics,1960181
260,Bronze,USA,Athletics,1961011
261,Gold,DMA,Athletics,1908333
262,Silver,JAM,Athletics,1536885
263,Bronze,USA,Athletics,1965250
264,Bronze,TPE,Boxing,1887970
265,Bronze,BRA,Boxing,1952540
266,Gold,BEL,Cycling Road,1903136
267,Silver,FRA,Cycling Road,1895699
268,Bronze,FRA,Cycling Road,1895694
269,Gold,GER,Rowing,1906515
270,Silver,AIN,Rowing,1538160
271,Bronze,NED,Rowing,1965599
272,Gold,NED,Rowing,1965558
273,Silver,NZL,Rowing,1927027
274,Bronze,LTU,Rowing,1941956
275,Gold,ISR,Sailing,1927680
276,Silver,AUS,Sailing,1945982
277,Bronze,NED,Sailing,1970505
278,Gold,ITA,Sailing,1899653
279,Silver,ISR,Sailing,1927733
280,Bronze,GBR,Sailing,1899748
281,Gold,KOR,Shooting,1893995
282,Silver,FRA,Shooting,1888429
283,Bronze,HUN,Shooting,1899493
284,Gold,USA,Shooting,1944354
285,Silver,USA,Shooting,1944385
286,Bronze,TPE,Shooting,1569852
287,Gold,HUN,Swimming,1905860
288,Silver,CAN,Swimming,1967069
289,Bronze,CAN,Swimming,1967058
290,Gold,CAN,Swimming,1967140
291,Silver,USA,Swimming,1935895
292,Bronze,AUS,Swimming,1946198
293,Gold,USA,Swimming,1935938
294,Silver,AUS,Swimming,1946150
295,Bronze,USA,Swimming,1935943
296,Gold,CHN,Table Tennis,1902307
297,Silver,CHN,Table Tennis,1902313
298,Bronze,JPN,Table Tennis,1931100
299,Bronze,ITA,Tennis,1562400
300,Gold,CHN,Tennis,1927709
301,Silver,CRO,Tennis,1554972
302,Gold,KOR,Archery,1902135
303,Silver,USA,Archery,1955595
304,Bronze,KOR,Archery,1902144
305,Gold,CHN,Artistic Gymnastics,1918856
306,Silver,CHN,Artistic Gymnastics,1918865
307,Bronze,GRE,Artistic Gymnastics,1961314
308,Gold,PHI,Artistic Gymnastics,1975874
309,Silver,ARM,Artistic Gymnastics,1915828
310,Bronze,GBR,Artistic Gymnastics,1904740
311,Gold,ALG,Artistic Gymnastics,1545688
312,Silver,CHN,Artistic Gymnastics,1918872
313,Bronze,USA,Artistic Gymnastics,1959866
314,Gold,USA,Athletics,1960173
315,Silver,JAM,Athletics,1980161
316,Bronze,USA,Athletics,1960958
317,Gold,CAN,Athletics,1974151
318,Silver,HUN,Athletics,1916814
319,Bronze,UKR,Athletics,1571563
320,Gold,UKR,Athletics,1571559
321,Silver,AUS,Athletics,1939838
322,Bronze,UKR,Athletics,1571577
323,Bronze,AUS,Athletics,1939763
324,Bronze,INA,Badminton,1926315
325,Bronze,DOM,Boxing,1908817
326,Bronze,CPV,Boxing,1892464
327,Bronze,CAN,Boxing,1972293
328,Bronze,GEO,Boxing,1550184
329,Bronze,DOM,Boxing,1943368
330,Bronze,CUB,Boxing,1555548
331,Bronze,ESP,Boxing,1934790
332,Bronze,TJK,Boxing,1909011
333,Bronze,PRK,Boxing,1980125
334,Bronze,KOR,Boxing,1891890
335,Gold,USA,Cycling Road,1955081
336,Silver,NED,Cycling Road,1969165
337,Bronze,BEL,Cycling Road,1903120
338,Gold,GER,Equestrian,1914905
339,Silver,GER,Equestrian,1914909
340,Bronze,GBR,Equestrian,1970905
341,Gold,USA,Golf,1951724
342,Silver,GBR,Golf,1923629
343,Bronze,JPN,Golf,1961406
344,Gold,CHI,Shooting,1937878
345,Silver,GBR,Shooting,1977402
346,Bronze,USA,Shooting,1944397
347,Gold,USA,Swimming,1935902
348,Silver,ITA,Swimming,1925630
349,Bronze,IRL,Swimming,1539969
350,Gold,SWE,Swimming,1572557
351,Silver,AUS,Swimming,1946212
352,Bronze,CHN,Swimming,1945125
353,Gold,CHN,Table Tennis,1902295
354,Silver,SWE,Table Tennis,1563390
355,Bronze,FRA,Table Tennis,1889177
356,Gold,SRB,Tennis,1956398
357,Silver,ESP,Tennis,1563682
358,Gold,JPN,Artistic Gymnastics,1919480
359,Silver,COL,Artistic Gymnastics,1935685
360,Bronze,CHN,Artistic Gymnastics,1918864
361,Bronze,TPE,Artistic Gymnastics,1878037
362,Gold,CHN,Artistic Gymnastics,1918865
363,Silver,UKR,Artistic Gymnastics,1897555
364,Bronze,JPN,Artistic Gymnastics,1919480
365,Gold,ITA,Artistic Gymnastics,1551061
366,Silver,CHN,Artistic Gymnastics,1918881
367,Bronze,ITA,Artistic Gymnastics,1560762
368,Gold,BRA,Artistic Gymnastics,1953634
369,Silver,USA,Artistic Gymnastics,1959861
370,Bronze,ROU,Artistic Gymnastics,1550170
371,Gold,SWE,Athletics,1569203
372,Silver,USA,Athletics,1960178
373,Bronze,GRE,Athletics,1961218
374,Gold,KEN,Athletics,1910560
375,Silver,KEN,Athletics,1910451
376,Bronze,NED,Athletics,1972105
377,Gold,GBR,Athletics,1924429
378,Silver,ETH,Athletics,1536498
379,Bronze,KEN,Athletics,1928047
380,Gold,USA,Athletics,1960721
381,Silver,CHN,Athletics,1919067
382,Bronze,CRO,Athletics,1922205
383,Gold,DEN,Badminton,1888993
384,Silver,THA,Badminton,1926294
385,Bronze,MAS,Badminton,1566617
386,Gold,KOR,Badminton,1891498
387,Silver,CHN,Badminton,1913436
388,Gold,NZL,Canoe Slalom,1945386
389,Silver,GBR,Canoe Slalom,1896032
390,Bronze,GER,Canoe Slalom,1913780
391,Gold,AUS,Canoe Slalom,1940209
392,Silver,FRA,Canoe Slalom,1880483
393,Bronze,GBR,Canoe Slalom,1896045
394,Gold,CHN,Shooting,1913913
395,Silver,KOR,Shooting,1893852
396,Bronze,CHN,Shooting,1913919
397,Gold,FRA,Surfing,1567361
398,Silver,AUS,Surfing,1946129
399,Bronze,BRA,Surfing,1955778
400,Gold,USA,Surfing,1943206
401,Silver,BRA,Surfing,1955783
402,Bronze,FRA,Surfing,1567359
403,Gold,USA,Athletics,1960933
404,Silver,GBR,Athletics,1924440
405,Bronze,USA,Athletics,1965327
406,Gold,GRE,Athletics,1961246
407,Silver,JAM,Athletics,1938899
408,Bronze,ITA,Athletics,1552378
409,Gold,USA,Athletics,1965868
410,Silver,LCA,Athletics,1537325
411,Bronze,USA,Athletics,1960588
412,Gold,BRN,Athletics,1926102
413,Silver,UGA,Athletics,1971686
414,Bronze,KEN,Athletics,1910453
415,Gold,CAN,Athletics,1974290
416,Silver,USA,Athletics,1960899
417,Bronze,CHN,Athletics,1919077
418,Bronze,USA,Boxing,1955645
419,Bronze,GBR,Boxing,1912009
420,Bronze,KAZ,Boxing,1931331
421,Bronze,PHI,Boxing,1979870
422,Gold,IRL,Boxing,1555098
423,Silver,CHN,Boxing,1926828
424,Bronze,THA,Boxing,1898283
425,Bronze,TPE,Boxing,1887975
426,Gold,CHN,Diving,1901545
427,Silver,CHN,Diving,1901544
428,Bronze,PRK,Diving,1980115
429,Gold,GER,Equestrian,1914912
430,Silver,SUI,Equestrian,1976553
431,Bronze,NED,Equestrian,1976879
432,Gold,AUS,Skateboarding,1946064
433,Silver,JPN,Skateboarding,1902075
434,Bronze,GBR,Skateboarding,1544123
435,Gold,CUB,Wrestling,1571506
436,Silver,CHI,Wrestling,1935199
437,Bronze,IRI,Wrestling,1544882
438,Bronze,CHN,Wrestling,1919983
439,Gold,JPN,Wrestling,1939713
440,Silver,CHN,Wrestling,1919973
441,Bronze,KGZ,Wrestling,1566631
442,Bronze,PRK,Wrestling,1980153
443,Gold,USA,Wrestling,1955304
444,Silver,KGZ,Wrestling,1568241
445,Bronze,TUR,Wrestling,1570415
446,Bronze,JPN,Wrestling,1939709
447,Gold,MAR,Athletics,1555372
448,Silver,USA,Athletics,1965896
449,Bronze,KEN,Athletics,1910445
450,Gold,USA,Athletics,1960177
451,Silver,GBR,Athletics,1924430
452,Bronze,ZAM,Athletics,1937531
453,Gold,JAM,Athletics,1912322
454,Silver,LTU,Athletics,1922593
455,Bronze,AUS,Athletics,1939824
456,Gold,AUS,Athletics,1939839
457,Silver,USA,Athletics,1965268
458,Bronze,CAN,Athletics,1974216
459,Bronze,GER,Boxing,1895903
460,Bronze,FRA,Boxing,1879120
461,Gold,CUB,Boxing,1555537
462,Silver,FRA,Boxing,1879111
463,Gold,UKR,Boxing,1564362
464,Silver,KAZ,Boxing,1932824
465,Bronze,TUR,Boxing,1568204
466,Bronze,PHI,Boxing,1979904
467,Gold,AUS,Sailing,1945990
468,Silver,CYP,Sailing,1905347
469,Bronze,PER,Sailing,1944316
470,Gold,NED,Sailing,1970500
471,Silver,DEN,Sailing,1895121
472,Bronze,NOR,Sailing,1878602
473,Gold,AUS,Skateboarding,1946074
474,Silver,USA,Skateboarding,1944247
475,Bronze,BRA,Skateboarding,1955669
476,Gold,POL,Sport Climbing,1563327
477,Silver,CHN,Sport Climbing,1913702
478,Bronze,POL,Sport Climbing,1563321
479,Gold,KOR,Taekwondo,1904040
480,Silver,AZE,Taekwondo,1946883
481,Bronze,FRA,Taekwondo,1893274
482,Bronze,TUN,Taekwondo,1947736
483,Gold,THA,Taekwondo,1902841
484,Silver,CHN,Taekwondo,1910372
485,Bronze,IRI,Taekwondo,1536064
486,Bronze,CRO,Taekwondo,1569986
487,Gold,CHN,Weightlifting,1918372
488,Silver,THA,Weightlifting,1898059
489,Bronze,USA,Weightlifting,1917153
490,Gold,CHN,Weightlifting,1918377
491,Silver,ROU,Weightlifting,1550148
492,Bronze,THA,Weightlifting,1898024
493,Gold,JPN,Wrestling,1939692
494,Silver,KAZ,Wrestling,1958652
495,Bronze,ARM,Wrestling,1532873
496,Bronze,KGZ,Wrestling,1566627
497,Gold,IRI,Wrestling,1544897
498,Silver,ARM,Wrestling,1532872
499,Bronze,CUB,Wrestling,1571504
500,Bronze,KGZ,Wrestling,1566601
501,Gold,USA,Wrestling,1955373
502,Silver,CUB,Wrestling,1571747
503,Bronze,JPN,Wrestling,1939712
504,Bronze,CHN,Wrestling,1920000
505,Gold,USA,Athletics,1960961
506,Silver,USA,Athletics,1965223
507,Bronze,JAM,Athletics,1901251
508,Gold,BOT,Athletics,1936983
509,Silver,USA,Athletics,1960659
510,Bronze,USA,Athletics,1960173
511,Gold,PAK,Athletics,1878563
512,Silver,IND,Athletics,1550250
513,Bronze,GRN,Athletics,1573418
514,Gold,USA,Athletics,1965308
515,Silver,USA,Athletics,1960581
516,Bronze,NED,Athletics,1972078
517,Gold,USA,Athletics,1960711
518,Silver,GER,Athletics,1920175
519,Bronze,USA,Athletics,1965250
520,Gold,UZB,Boxing,1556045
521,Silver,FRA,Boxing,1879110
522,Bronze,AUS,Boxing,1940136
523,Bronze,BUL,Boxing,1555185
524,Gold,CHN,Boxing,1926832
525,Silver,TUR,Boxing,1568186
526,Bronze,AUS,Boxing,1940134
527,Bronze,EOR,Boxing,1894537
528,Gold,FRA,Cycling Track,1895717
529,Silver,POR,Cycling Track,1933816
530,Bronze,BEL,Cycling Track,1915370
531,Gold,NZL,Cycling Track,1945040
532,Silver,NED,Cycling Track,1969180
533,Bronze,GBR,Cycling Track,1912522
534,Gold,CHN,Diving,1901550
535,Silver,CHN,Diving,1901549
536,Bronze,MEX,Diving,1535349
537,Gold,NED,Marathon Swimming,1972515
538,Silver,AUS,Marathon Swimming,1945588
539,Bronze,ITA,Marathon Swimming,1925804
540,Gold,GBR,Sailing,1899728
541,Silver,FRA,Sailing,1559512
542,Bronze,NED,Sailing,1970517
543,Gold,INA,Sport Climbing,1940329
544,Silver,CHN,Sport Climbing,1913699
545,Bronze,USA,Sport Climbing,1950309
546,Gold,UZB,Taekwondo,1887714
547,Silver,JOR,Taekwondo,1537401
548,Bronze,CHN,Taekwondo,1910367
549,Bronze,BRA,Taekwondo,1955815
550,Gold,KOR,Taekwondo,1904038
551,Silver,IRI,Taekwondo,1536067
552,Bronze,CAN,Taekwondo,1966505
553,Bronze,BUL,Taekwondo,2493835
554,Gold,INA,Weightlifting,1941786
555,Silver,THA,Weightlifting,1898067
556,Bronze,BUL,Weightlifting,1902787
557,Gold,CHN,Weightlifting,1918379
558,Silver,CAN,Weightlifting,1965815
559,Bronze,TPE,Weightlifting,1569563
560,Gold,IRI,Wrestling,1544928
561,Silver,UKR,Wrestling,1550119
562,Bronze,AZE,Wrestling,1981760
563,Bronze,CUB,Wrestling,1571498
564,Gold,BUL,Wrestling,1559471
565,Silver,IRI,Wrestling,1544880
566,Bronze,UKR,Wrestling,1550116
567,Bronze,DEN,Wrestling,1879518
568,Gold,JPN,Wrestling,1939711
569,Silver,ECU,Wrestling,1960228
570,Bronze,PRK,Wrestling,1980149
571,Bronze,CHN,Wrestling,1920006
572,Gold,USA,Athletics,1960684
573,Silver,NOR,Athletics,1894095
574,Bronze,BRA,Athletics,1951913
575,Gold,ESP,Athletics,1904099
576,Silver,POR,Athletics,1938792
577,Bronze,ITA,Athletics,1552375
578,Gold,KEN,Athletics,1910560
579,Silver,ITA,Athletics,1552305
580,Bronze,NED,Athletics,1972105
581,Gold,DOM,Athletics,1899666
582,Silver,BRN,Athletics,1915338
583,Bronze,POL,Athletics,1573098
584,Gold,GER,Athletics,1920183
585,Silver,NZL,Athletics,1926695
586,Bronze,CHN,Athletics,1919065
587,Gold,UZB,Boxing,1556797
588,Silver,MEX,Boxing,1535187
589,Gold,UZB,Boxing,1556860
590,Silver,AZE,Boxing,1972343
591,Gold,CHN,Boxing,1926833
592,Silver,TUR,Boxing,1568182
593,Gold,ALG,Boxing,1540353
594,Silver,CHN,Boxing,1926827
595,Gold,JPN,Breaking,1953038
596,Silver,LTU,Breaking,1924559
597,Bronze,CHN,Breaking,1909907
598,Gold,CZE,Canoe Sprint,1878716
599,Silver,BRA,Canoe Sprint,1952595
600,Bronze,MDA,Canoe Sprint,1550295
601,Gold,NED,Cycling Track,1969182
602,Silver,AUS,Cycling Track,1940263
603,Bronze,GBR,Cycling Track,1912515
604,Gold,CHN,Diving,1901538
605,Silver,AUS,Diving,1940414
606,Bronze,CHN,Diving,1901539
607,Gold,HUN,Marathon Swimming,1909030
608,Silver,GER,Marathon Swimming,1907234
609,Bronze,HUN,Marathon Swimming,1902450
610,Gold,AUT,Sailing,1566437
611,Silver,SLO,Sailing,1981549
612,Bronze,SGP,Sailing,1535852
613,Gold,GBR,Sport Climbing,1544218
614,Silver,JPN,Sport Climbing,1892022
615,Bronze,AUT,Sport Climbing,1560677
616,Gold,TUN,Taekwondo,1947737
617,Silver,IRI,Taekwondo,1536058
618,Bronze,ITA,Taekwondo,1929685
619,Bronze,DEN,Taekwondo,1914832
620,Gold,HUN,Taekwondo,1572318
621,Silver,SRB,Taekwondo,1956372
622,Bronze,USA,Taekwondo,1930773
623,Bronze,BEL,Taekwondo,1903284
624,Gold,BUL,Weightlifting,1903011
625,Silver,COL,Weightlifting,1543506
626,Bronze,ITA,Weightlifting,1568724
627,Gold,USA,Weightlifting,1917154
628,Silver,COL,Weightlifting,1543509
629,Bronze,ECU,Weightlifting,1940300
630,Gold,JPN,Wrestling,1939714
631,Silver,USA,Wrestling,1955415
632,Bronze,IND,Wrestling,1931496
633,Bronze,UZB,Wrestling,1562157
634,Gold,BUL,Wrestling,1556873
635,Silver,IRI,Wrestling,1544803
636,Bronze,USA,Wrestling,1955300
637,Bronze,GRE,Wrestling,1963800
638,Gold,JPN,Wrestling,1939710
639,Silver,MDA,Wrestling,1572203
640,Bronze,USA,Wrestling,1955426
641,Bronze,CHN,Wrestling,1920010
642,Gold,NOR,Athletics,1898250
643,Silver,KEN,Athletics,1963077
644,Bronze,USA,Athletics,1960959
645,Gold,KEN,Athletics,1910412
646,Silver,CAN,Athletics,1974048
647,Bronze,ALG,Athletics,1963520
648,Gold,NZL,Athletics,1926713
649,Silver,USA,Athletics,1965306
650,Bronze,QAT,Athletics,1566681
651,Gold,ETH,Athletics,1901284
652,Silver,BEL,Athletics,1942753
653,Bronze,KEN,Athletics,1910555
654,Gold,USA,Athletics,1960169
655,Silver,FRA,Athletics,1911932
656,Bronze,PUR,Athletics,1537183
657,Gold,KEN,Athletics,1910451
658,Silver,AUS,Athletics,1939795
659,Bronze,GBR,Athletics,1956840
660,Gold,JPN,Athletics,1919914
661,Silver,RSA,Athletics,1981085
662,Bronze,CZE,Athletics,1892137
663,Gold,UZB,Boxing,1556869
664,Silver,ESP,Boxing,1934775
665,Gold,UZB,Boxing,1556049
666,Silver,KGZ,Boxing,1878687
667,Gold,TPE,Boxing,1887963
668,Silver,POL,Boxing,1568655
669,Gold,CHN,Boxing,1926826
670,Silver,PAN,Boxing,1965679
671,Gold,CAN,Breaking,1958888
672,Silver,FRA,Breaking,1880191
673,Bronze,USA,Breaking,1955590
674,Gold,CZE,Canoe Sprint,1878715
675,Silver,HUN,Canoe Sprint,1570863
676,Bronze,HUN,Canoe Sprint,1569972
677,Gold,CAN,Canoe Sprint,1964547
678,Silver,USA,Canoe Sprint,1955126
679,Bronze,CUB,Canoe Sprint,1564506
680,Gold,NZL,Canoe Sprint,1945383
681,Silver,HUN,Canoe Sprint,1568350
682,Bronze,DEN,Canoe Sprint,1892423
683,Gold,CHN,Diving,1901556
684,Silver,JPN,Diving,1891685
685,Bronze,GBR,Diving,1900857
686,Gold,NZL,Golf,1939553
687,Silver,GER,Golf,1892506
688,Bronze,CHN,Golf,1913218
689,Gold,EGY,Modern Pentathlon,1932649
690,Silver,JPN,Modern Pentathlon,1887939
691,Bronze,ITA,Modern Pentathlon,1553031
692,Gold,SLO,Sport Climbing,1981131
693,Silver,USA,Sport Climbing,1950307
694,Bronze,AUT,Sport Climbing,1560673
695,Gold,IRI,Taekwondo,1536045
696,Silver,GBR,Taekwondo,1896149
697,Bronze,CUB,Taekwondo,1897088
698,Bronze,CIV,Taekwondo,1548401
699,Gold,FRA,Taekwondo,1893272
700,Silver,UZB,Taekwondo,1887768
701,Bronze,KOR,Taekwondo,1904039
702,Bronze,TUR,Taekwondo,1566738
703,Gold,GEO,Weightlifting,1551443
704,Silver,ARM,Weightlifting,1544424
705,Bronze,BRN,Weightlifting,1540334
706,Gold,CHN,Weightlifting,1918369
707,Silver,UZB,Weightlifting,1551307
708,Bronze,AIN,Weightlifting,1569832
709,Gold,NOR,Weightlifting,1878625
710,Silver,EGY,Weightlifting,1563010
711,Bronze,ECU,Weightlifting,1940308
712,Gold,GEO,Wrestling,1554885
713,Silver,IRI,Wrestling,1543088
714,Bronze,TUR,Wrestling,1570546
715,Bronze,AZE,Wrestling,1947172
716,Gold,UZB,Wrestling,1562164
717,Silver,JPN,Wrestling,1939708
718,Bronze,USA,Wrestling,1955345
719,Bronze,ALB,Wrestling,3429662
720,Gold,JPN,Wrestling,1939702
721,Silver,UKR,Wrestling,1897022
722,Bronze,KGZ,Wrestling,1902786
723,Bronze,NOR,Wrestling,1878635
724,Gold,NED,Athletics,1972105
725,Silver,ETH,Athletics,1901487
726,Bronze,KEN,Athletics,1932851
727,Gold,NED,Cycling Track,1969182
728,Silver,AUS,Cycling Track,1940263
729,Bronze,AUS,Cycling Track,1940262
730,Gold,USA,Cycling Track,1955106
731,Silver,POL,Cycling Track,1572953
732,Bronze,NZL,Cycling Track,1945080
733,Gold,NZL,Cycling Track,1945040
734,Silver,GER,Cycling Track,1889704
735,Bronze,GBR,Cycling Track,1912522
736,Gold,HUN,Modern Pentathlon,1936619
737,Silver,FRA,Modern Pentathlon,1545116
738,Bronze,KOR,Modern Pentathlon,1786902
739,Gold,CHN,Weightlifting,1918376
740,Silver,KOR,Weightlifting,1894414
741,Bronze,GBR,Weightlifting,1544179
742,Gold,JPN,Wrestling,1939700
743,Silver,IRI,Wrestling,1544830
744,Bronze,PUR,Wrestling,1537188
745,Bronze,ALB,Wrestling,1559387
746,Gold,BRN,Wrestling,1540305
747,Silver,GEO,Wrestling,1552495
748,Bronze,AZE,Wrestling,1981785
749,Bronze,IRI,Wrestling,1543095
750,Gold,JPN,Wrestling,1939701
751,Silver,USA,Wrestling,1955344
752,Bronze,CUB,Wrestling,1571936
753,Bronze,COL,Wrestling,1535513
754,Gold,GER,Rhythmic Gymnastics,1896230
755,Silver,BUL,Rhythmic Gymnastics,1548948
756,Bronze,ITA,Rhythmic Gymnastics,1923694
757,Gold,BEL,Athletics,1903112
758,Silver,GBR,Athletics,1977926
759,Bronze,BEL,Athletics,1895596
760,Gold,CHN,Diving,1901539
761,Gold,CHN,Diving,1901538
762,Silver,USA,Diving,1954159
763,Silver,USA,Diving,1954168
764,Bronze,GBR,Diving,1900841
765,Bronze,GBR,Diving,1973355
766,Gold,FRA,Rugby Sevens,1879682
767,Gold,FRA,Rugby Sevens,1879687
768,Gold,FRA,Rugby Sevens,1879683
769,Gold,FRA,Rugby Sevens,1879671
770,Gold,FRA,Rugby Sevens,1879681
771,Gold,FRA,Rugby Sevens,1879684
772,Gold,FRA,Rugby Sevens,1879675
773,Gold,FRA,Rugby Sevens,1879692
774,Gold,FRA,Rugby Sevens,1879672
775,Gold,FRA,Rugby Sevens,1879661
776,Gold,FRA,Rugby Sevens,1879669
777,Gold,FRA,Rugby Sevens,1879685
778,Gold,FRA,Rugby Sevens,1879670
779,Silver,FIJ,Rugby Sevens,1908897
780,Silver,FIJ,Rugby Sevens,1908838
781,Silver,FIJ,Rugby Sevens,1913346
782,Silver,FIJ,Rugby Sevens,1977633
783,Silver,FIJ,Rugby Sevens,1913523
784,Silver,FIJ,Rugby Sevens,1982069
785,Silver,FIJ,Rugby Sevens,1913286
786,Silver,FIJ,Rugby Sevens,1913334
787,Silver,FIJ,Rugby Sevens,1908911
788,Silver,FIJ,Rugby Sevens,1908835
789,Silver,FIJ,Rugby Sevens,1908841
790,Silver,FIJ,Rugby Sevens,2484588
791,Silver,FIJ,Rugby Sevens,1982687
792,Silver,FIJ,Rugby Sevens,1908901
793,Bronze,RSA,Rugby Sevens,1574106
794,Bronze,RSA,Rugby Sevens,1574107
795,Bronze,RSA,Rugby Sevens,1574108
796,Bronze,RSA,Rugby Sevens,1574109
797,Bronze,RSA,Rugby Sevens,1888936
798,Bronze,RSA,Rugby Sevens,1574111
799,Bronze,RSA,Rugby Sevens,1574134
800,Bronze,RSA,Rugby Sevens,1888932
801,Bronze,RSA,Rugby Sevens,1574114
802,Bronze,RSA,Rugby Sevens,1574121
803,Bronze,RSA,Rugby Sevens,1574118
804,Bronze,RSA,Rugby Sevens,1574119
805,Bronze,RSA,Rugby Sevens,1574112
806,Gold,CHN,Shooting,1913945
807,Gold,CHN,Shooting,1913899
808,Silver,KOR,Shooting,1893896
809,Silver,KOR,Shooting,1893976
810,Bronze,KAZ,Shooting,1930466
811,Bronze,KAZ,Shooting,1930467
812,Gold,USA,Swimming,1935916
813,Gold,USA,Swimming,1935933
814,Gold,USA,Swimming,1935871
815,Gold,USA,Swimming,1935896
816,Gold,USA,Swimming,1935869
817,Gold,USA,Swimming,1935911
818,Silver,AUS,Swimming,1946186
819,Silver,AUS,Swimming,1946235
820,Silver,AUS,Swimming,1946179
821,Silver,AUS,Swimming,1946200
822,Silver,AUS,Swimming,1946196
823,Bronze,ITA,Swimming,1925669
824,Bronze,ITA,Swimming,1925681
825,Bronze,ITA,Swimming,1925675
826,Bronze,ITA,Swimming,1925634
827,Bronze,ITA,Swimming,1925635
828,Bronze,ITA,Swimming,1925636
829,Gold,AUS,Swimming,1946221
830,Gold,AUS,Swimming,1946159
831,Gold,AUS,Swimming,1946212
832,Gold,AUS,Swimming,1946177
833,Gold,AUS,Swimming,1946227
834,Gold,AUS,Swimming,1946218
835,Silver,USA,Swimming,1935860
836,Silver,USA,Swimming,1935945
837,Silver,USA,Swimming,1935879
838,Silver,USA,Swimming,1935895
839,Silver,USA,Swimming,1935923
840,Silver,USA,Swimming,1935998
841,Bronze,CHN,Swimming,1945230
842,Bronze,CHN,Swimming,1945206
843,Bronze,CHN,Swimming,1945164
844,Bronze,CHN,Swimming,1945159
845,Bronze,CHN,Swimming,1945125
846,Gold,KOR,Archery,1902121
847,Gold,KOR,Archery,1902147
848,Gold,KOR,Archery,1902148
849,Silver,CHN,Archery,1913382
850,Silver,CHN,Archery,1913372
851,Silver,CHN,Archery,1913380
852,Bronze,MEX,Archery,1535429
853,Bronze,MEX,Archery,1535420
854,Bronze,MEX,Archery,1536479
855,Gold,KOR,Archery,1902130
856,Gold,KOR,Archery,1902135
857,Gold,KOR,Archery,1902144
858,Silver,FRA,Archery,1541270
859,Silver,FRA,Archery,1541272
860,Silver,FRA,Archery,1541275
861,Bronze,TUR,Archery,1565000
862,Bronze,TUR,Archery,1565002
863,Bronze,TUR,Archery,1565006
864,Gold,JPN,Artistic Gymnastics,1919492
865,Gold,JPN,Artistic Gymnastics,1919491
866,Gold,JPN,Artistic Gymnastics,1919480
867,Gold,JPN,Artistic Gymnastics,1919479
868,Gold,JPN,Artistic Gymnastics,1919490
869,Silver,CHN,Artistic Gymnastics,1918856
870,Silver,CHN,Artistic Gymnastics,1918858
871,Silver,CHN,Artistic Gymnastics,1918860
872,Silver,CHN,Artistic Gymnastics,1918864
873,Silver,CHN,Artistic Gymnastics,1918865
874,Bronze,USA,Artistic Gymnastics,1959781
875,Bronze,USA,Artistic Gymnastics,1959855
876,Bronze,USA,Artistic Gymnastics,1959823
877,Bronze,USA,Artistic Gymnastics,1959865
878,Bronze,USA,Artistic Gymnastics,1959811
879,Gold,CHN,Diving,1901555
880,Gold,CHN,Diving,1901554
881,Silver,GBR,Diving,1900838
882,Silver,GBR,Diving,1900857
883,Bronze,CAN,Diving,1959146
884,Bronze,CAN,Diving,1959132
885,Gold,GBR,Equestrian,1970917
886,Gold,GBR,Equestrian,1970898
887,Gold,GBR,Equestrian,1970892
888,Gold,GBR,Equestrian,1970912
889,Silver,FRA,Equestrian,1899846
890,Silver,FRA,Equestrian,1899847
891,Silver,FRA,Equestrian,1899866
892,Silver,FRA,Equestrian,1899848
893,Bronze,JPN,Equestrian,1946432
894,Bronze,JPN,Equestrian,1946434
895,Bronze,JPN,Equestrian,1946438
896,Bronze,JPN,Equestrian,1946428
897,Gold,USA,Artistic Gymnastics,1959861
898,Gold,USA,Artistic Gymnastics,1959819
899,Gold,USA,Artistic Gymnastics,1959825
900,Gold,USA,Artistic Gymnastics,1959866
901,Gold,USA,Artistic Gymnastics,1959814
902,Silver,ITA,Artistic Gymnastics,1560761
903,Silver,ITA,Artistic Gymnastics,1551061
904,Silver,ITA,Artistic Gymnastics,1560762
905,Silver,ITA,Artistic Gymnastics,1560760
906,Silver,ITA,Artistic Gymnastics,1560759
907,Bronze,BRA,Artistic Gymnastics,1953634
908,Bronze,BRA,Artistic Gymnastics,1953624
909,Bronze,BRA,Artistic Gymnastics,1953630
910,Bronze,BRA,Artistic Gymnastics,1953620
911,Bronze,BRA,Artistic Gymnastics,1953626
912,Gold,ITA,Fencing,1924585
913,Gold,ITA,Fencing,1924588
914,Gold,ITA,Fencing,1924587
915,Gold,ITA,Fencing,1924586
916,Silver,FRA,Fencing,1916182
917,Silver,FRA,Fencing,1916183
918,Silver,FRA,Fencing,1916184
919,Silver,FRA,Fencing,1916185
920,Bronze,POL,Fencing,1894213
921,Bronze,POL,Fencing,1894214
922,Bronze,POL,Fencing,1894223
923,Bronze,POL,Fencing,1894217
924,Gold,NZL,Rugby Sevens,1926596
925,Gold,NZL,Rugby Sevens,1926667
926,Gold,NZL,Rugby Sevens,1926592
927,Gold,NZL,Rugby Sevens,1926629
928,Gold,NZL,Rugby Sevens,1926632
929,Gold,NZL,Rugby Sevens,1926635
930,Gold,NZL,Rugby Sevens,1926644
931,Gold,NZL,Rugby Sevens,1926676
932,Gold,NZL,Rugby Sevens,1926634
933,Gold,NZL,Rugby Sevens,1926647
934,Gold,NZL,Rugby Sevens,1926646
935,Gold,NZL,Rugby Sevens,1926593
936,Silver,CAN,Rugby Sevens,1960779
937,Silver,CAN,Rugby Sevens,1960762
938,Silver,CAN,Rugby Sevens,1960778
939,Silver,CAN,Rugby Sevens,1960797
940,Silver,CAN,Rugby Sevens,1960781
941,Silver,CAN,Rugby Sevens,1960837
942,Silver,CAN,Rugby Sevens,1960826
943,Silver,CAN,Rugby Sevens,1960812
944,Silver,CAN,Rugby Sevens,1960822
945,Silver,CAN,Rugby Sevens,1960765
946,Silver,CAN,Rugby Sevens,1960803
947,Silver,CAN,Rugby Sevens,1960834
948,Silver,CAN,Rugby Sevens,1960817
949,Silver,CAN,Rugby Sevens,1960832
950,Bronze,USA,Rugby Sevens,1950500
951,Bronze,USA,Rugby Sevens,1950498
952,Bronze,USA,Rugby Sevens,1950485
953,Bronze,USA,Rugby Sevens,1950504
954,Bronze,USA,Rugby Sevens,1950494
955,Bronze,USA,Rugby Sevens,1950487
956,Bronze,USA,Rugby Sevens,1950505
957,Bronze,USA,Rugby Sevens,1950502
958,Bronze,USA,Rugby Sevens,1950499
959,Bronze,USA,Rugby Sevens,1950501
960,Bronze,USA,Rugby Sevens,1950496
961,Bronze,USA,Rugby Sevens,1950495
962,Gold,SRB,Shooting,1956347
963,Gold,SRB,Shooting,1956356
964,Silver,TUR,Shooting,1564886
965,Silver,TUR,Shooting,1564893
966,Bronze,IND,Shooting,1538159
967,Bronze,IND,Shooting,1545464
968,Gold,GBR,Swimming,1903552
969,Gold,GBR,Swimming,1903602
970,Gold,GBR,Swimming,1903531
971,Gold,GBR,Swimming,1903546
972,Gold,GBR,Swimming,1903617
973,Gold,GBR,Swimming,1903621
974,Silver,USA,Swimming,1935931
975,Silver,USA,Swimming,1935887
976,Silver,USA,Swimming,1935968
977,Silver,USA,Swimming,1935911
978,Silver,USA,Swimming,1935903
979,Silver,USA,Swimming,1935918
980,Silver,USA,Swimming,1935982
981,Bronze,AUS,Swimming,1946196
982,Bronze,AUS,Swimming,1946237
983,Bronze,AUS,Swimming,1946179
984,Bronze,AUS,Swimming,1946231
985,Bronze,AUS,Swimming,1946211
986,Bronze,AUS,Swimming,1946172
987,Gold,CHN,Table Tennis,1902301
988,Gold,CHN,Table Tennis,1902313
989,Silver,PRK,Table Tennis,1980143
990,Silver,PRK,Table Tennis,1980142
991,Bronze,KOR,Table Tennis,1936429
992,Bronze,KOR,Table Tennis,1936435
993,Gold,CHN,Diving,1901544
994,Gold,CHN,Diving,1901545
995,Silver,PRK,Diving,1980116
996,Silver,PRK,Diving,1980115
997,Bronze,GBR,Diving,1900855
998,Bronze,GBR,Diving,1900856
999,Gold,KOR,Fencing,1927116
1000,Gold,KOR,Fencing,1927149
1001,Gold,KOR,Fencing,1927151
1002,Gold,KOR,Fencing,1927115
1003,Silver,HUN,Fencing,1946361
1004,Silver,HUN,Fencing,1946565
1005,Silver,HUN,Fencing,1946558
1006,Silver,HUN,Fencing,1946444
1007,Bronze,FRA,Fencing,1916230
1008,Bronze,FRA,Fencing,1916231
1009,Bronze,FRA,Fencing,1916232
1010,Bronze,FRA,Fencing,1916234
1011,Gold,NED,Rowing,1965580
1012,Gold,NED,Rowing,1965600
1013,Gold,NED,Rowing,1965586
1014,Gold,NED,Rowing,1965584
1015,Silver,ITA,Rowing,1547863
1016,Silver,ITA,Rowing,1560781
1017,Silver,ITA,Rowing,1547871
1018,Silver,ITA,Rowing,1947115
1019,Bronze,POL,Rowing,1928529
1020,Bronze,POL,Rowing,1928520
1021,Bronze,POL,Rowing,1928551
1022,Bronze,POL,Rowing,1928530
1023,Gold,GBR,Rowing,1901074
1024,Gold,GBR,Rowing,1901091
1025,Gold,GBR,Rowing,1901027
1026,Gold,GBR,Rowing,1901039
1027,Silver,NED,Rowing,1965563
1028,Silver,NED,Rowing,1965565
1029,Silver,NED,Rowing,1965572
1030,Silver,NED,Rowing,1965573
1031,Bronze,GER,Rowing,1906511
1032,Bronze,GER,Rowing,1906506
1033,Bronze,GER,Rowing,1906494
1034,Bronze,GER,Rowing,1906483
1035,Gold,USA,Fencing,1950643
1036,Gold,USA,Fencing,1950611
1037,Gold,USA,Fencing,1950584
1038,Gold,USA,Fencing,1950659
1039,Silver,ITA,Fencing,1924276
1040,Silver,ITA,Fencing,1924277
1041,Silver,ITA,Fencing,1924275
1042,Silver,ITA,Fencing,1924279
1043,Bronze,JPN,Fencing,1896544
1044,Bronze,JPN,Fencing,1896545
1045,Bronze,JPN,Fencing,1896517
1046,Bronze,JPN,Fencing,1896535
1047,Gold,ROU,Rowing,1551186
1048,Gold,ROU,Rowing,1551238
1049,Silver,NED,Rowing,1965589
1050,Silver,NED,Rowing,1965588
1051,Bronze,IRL,Rowing,1544454
1052,Bronze,IRL,Rowing,1543317
1053,Gold,USA,Rowing,1944727
1054,Gold,USA,Rowing,1944631
1055,Gold,USA,Rowing,1944681
1056,Gold,USA,Rowing,1944652
1057,Silver,NZL,Rowing,1927001
1058,Silver,NZL,Rowing,1927020
1059,Silver,NZL,Rowing,1927019
1060,Silver,NZL,Rowing,1926991
1061,Bronze,GBR,Rowing,1901100
1062,Bronze,GBR,Rowing,1901026
1063,Bronze,GBR,Rowing,1901025
1064,Bronze,GBR,Rowing,1901050
1065,Gold,NZL,Rowing,1927028
1066,Gold,NZL,Rowing,1927024
1067,Silver,ROU,Rowing,1550303
1068,Silver,ROU,Rowing,1550560
1069,Bronze,GBR,Rowing,1901075
1070,Bronze,GBR,Rowing,1901099
1071,Gold,NED,Rowing,1965560
1072,Gold,NED,Rowing,1965567
1073,Gold,NED,Rowing,1965566
1074,Gold,NED,Rowing,1965557
1075,Silver,GBR,Rowing,1901028
1076,Silver,GBR,Rowing,1901037
1077,Silver,GBR,Rowing,1901086
1078,Silver,GBR,Rowing,1901092
1079,Bronze,NZL,Rowing,1926998
1080,Bronze,NZL,Rowing,1927007
1081,Bronze,NZL,Rowing,1927003
1082,Bronze,NZL,Rowing,1926999
1083,Gold,AUS,Swimming,1946201
1084,Gold,AUS,Swimming,1946188
1085,Gold,AUS,Swimming,1946157
1086,Gold,AUS,Swimming,1946227
1087,Gold,AUS,Swimming,1946218
1088,Gold,AUS,Swimming,1946150
1089,Silver,USA,Swimming,1935967
1090,Silver,USA,Swimming,1935907
1091,Silver,USA,Swimming,1935945
1092,Silver,USA,Swimming,1935979
1093,Silver,USA,Swimming,1935938
1094,Silver,USA,Swimming,1935943
1095,Silver,USA,Swimming,1936000
1096,Bronze,CHN,Swimming,1945224
1097,Bronze,CHN,Swimming,1945222
1098,Bronze,CHN,Swimming,1945171
1099,Bronze,CHN,Swimming,1945223
1100,Bronze,CHN,Swimming,1945169
1101,Bronze,CHN,Swimming,1945159
1102,Gold,KOR,Archery,1902147
1103,Gold,KOR,Archery,1902135
1104,Silver,GER,Archery,1553258
1105,Silver,GER,Archery,1553249
1106,Bronze,USA,Archery,1955601
1107,Bronze,USA,Archery,1955595
1108,Gold,CHN,Badminton,1913418
1109,Gold,CHN,Badminton,1913432
1110,Silver,KOR,Badminton,1891507
1111,Silver,KOR,Badminton,1891502
1112,Bronze,JPN,Badminton,1541614
1113,Bronze,JPN,Badminton,1541619
1114,Gold,CHN,Diving,1901551
1115,Gold,CHN,Diving,1901549
1116,Silver,MEX,Diving,1536197
1117,Silver,MEX,Diving,1535349
1118,Bronze,GBR,Diving,1900840
1119,Bronze,GBR,Diving,1900848
1120,Gold,GBR,Equestrian,1970891
1121,Gold,GBR,Equestrian,1970896
1122,Gold,GBR,Equestrian,1979168
1123,Gold,GBR,Equestrian,1970925
1124,Silver,USA,Equestrian,1951875
1125,Silver,USA,Equestrian,1951819
1126,Silver,USA,Equestrian,1951840
1127,Silver,USA,Equestrian,1951802
1128,Bronze,FRA,Equestrian,1899865
1129,Bronze,FRA,Equestrian,1899843
1130,Bronze,FRA,Equestrian,1899845
1131,Bronze,FRA,Equestrian,1899856
1132,Gold,HUN,Fencing,1946450
1133,Gold,HUN,Fencing,1946370
1134,Gold,HUN,Fencing,1946278
1135,Gold,HUN,Fencing,1946379
1136,Silver,JPN,Fencing,1896548
1137,Silver,JPN,Fencing,1896554
1138,Silver,JPN,Fencing,1896549
1139,Silver,JPN,Fencing,1896538
1140,Bronze,CZE,Fencing,1914523
1141,Bronze,CZE,Fencing,1914535
1142,Bronze,CZE,Fencing,1914540
1143,Bronze,CZE,Fencing,1914531
1144,Gold,IRL,Rowing,1543322
1145,Gold,IRL,Rowing,1572444
1146,Silver,ITA,Rowing,1547870
1147,Silver,ITA,Rowing,1547873
1148,Bronze,GRE,Rowing,1977132
1149,Bronze,GRE,Rowing,1977153
1150,Gold,GBR,Rowing,1901048
1151,Gold,GBR,Rowing,1901071
1152,Silver,ROU,Rowing,1550661
1153,Silver,ROU,Rowing,1550384
1154,Bronze,GRE,Rowing,1977101
1155,Bronze,GRE,Rowing,1977159
1156,Gold,CRO,Rowing,1916685
1157,Gold,CRO,Rowing,1921490
1158,Silver,GBR,Rowing,1901101
1159,Silver,GBR,Rowing,1901066
1160,Bronze,SUI,Rowing,1977804
1161,Bronze,SUI,Rowing,1976556
1162,Gold,NED,Rowing,1965559
1163,Gold,NED,Rowing,1965556
1164,Silver,ROU,Rowing,1550789
1165,Silver,ROU,Rowing,1550289
1166,Bronze,AUS,Rowing,1945670
1167,Bronze,AUS,Rowing,1945644
1168,Gold,ESP,Sailing,1959270
1169,Gold,ESP,Sailing,1959294
1170,Silver,NZL,Sailing,1918833
1171,Silver,NZL,Sailing,1918834
1172,Bronze,USA,Sailing,1950366
1173,Bronze,USA,Sailing,1950381
1174,Gold,NED,Sailing,1970495
1175,Gold,NED,Sailing,1970514
1176,Silver,SWE,Sailing,1564653
1177,Silver,SWE,Sailing,1564657
1178,Bronze,FRA,Sailing,1559558
1179,Bronze,FRA,Sailing,1559559
1180,Gold,CZE,Tennis,1901342
1181,Gold,CZE,Tennis,1901333
1182,Silver,CHN,Tennis,1927719
1183,Silver,CHN,Tennis,1927704
1184,Bronze,CAN,Tennis,1972627
1185,Bronze,CAN,Tennis,1972646
1186,Gold,NED,Athletics,1972116
1187,Gold,NED,Athletics,1972234
1188,Gold,NED,Athletics,1972078
1189,Gold,NED,Athletics,1972115
1190,Gold,NED,Athletics,1972240
1191,Gold,NED,Athletics,1972077
1192,Silver,USA,Athletics,1960590
1193,Silver,USA,Athletics,1960111
1194,Silver,USA,Athletics,4979564
1195,Silver,USA,Athletics,1960650
1196,Silver,USA,Athletics,1960179
1197,Silver,USA,Athletics,4979557
1198,Bronze,GBR,Athletics,1924406
1199,Bronze,GBR,Athletics,1924426
1200,Bronze,GBR,Athletics,1956844
1201,Bronze,GBR,Athletics,1956853
1202,Bronze,GBR,Athletics,1924383
1203,Bronze,GBR,Athletics,1956846
1204,Bronze,GBR,Athletics,1924464
1205,Bronze,GBR,Athletics,1924506
1206,Bronze,GBR,Athletics,1924509
1207,Gold,CHN,Badminton,1913438
1208,Gold,CHN,Badminton,1913439
1209,Silver,CHN,Badminton,1913441
1210,Silver,CHN,Badminton,1913442
1211,Bronze,JPN,Badminton,1541630
1212,Bronze,JPN,Badminton,1541629
1213,Gold,GER,Equestrian,1914905
1214,Gold,GER,Equestrian,1914936
1215,Gold,GER,Equestrian,1914909
1216,Gold,GER,Equestrian,1914907
1217,Silver,DEN,Equestrian,1892359
1218,Silver,DEN,Equestrian,1892363
1219,Silver,DEN,Equestrian,1892358
1220,Silver,DEN,Equestrian,1892364
1221,Bronze,GBR,Equestrian,1970905
1222,Bronze,GBR,Equestrian,1970910
1223,Bronze,GBR,Equestrian,1970921
1224,Bronze,GBR,Equestrian,1970907
1225,Gold,UKR,Fencing,1897644
1226,Gold,UKR,Fencing,1897638
1227,Gold,UKR,Fencing,1897637
1228,Gold,UKR,Fencing,1897633
1229,Silver,KOR,Fencing,1927158
1230,Silver,KOR,Fencing,1927123
1231,Silver,KOR,Fencing,1927113
1232,Silver,KOR,Fencing,1927122
1233,Bronze,JPN,Fencing,1896542
1234,Bronze,JPN,Fencing,1896519
1235,Bronze,JPN,Fencing,1896541
1236,Bronze,JPN,Fencing,1896522
1237,Gold,FRA,Judo,1891280
1238,Gold,FRA,Judo,1891283
1239,Gold,FRA,Judo,1891286
1240,Gold,FRA,Judo,1891289
1241,Gold,FRA,Judo,1891292
1242,Gold,FRA,Judo,1891300
1243,Gold,FRA,Judo,1891297
1244,Gold,FRA,Judo,1891311
1245,Gold,FRA,Judo,1891307
1246,Gold,FRA,Judo,1891304
1247,Gold,FRA,Judo,1891314
1248,Gold,FRA,Judo,1891318
1249,Gold,FRA,Judo,1891320
1250,Gold,FRA,Judo,1891323
1251,Silver,JPN,Judo,1896760
1252,Silver,JPN,Judo,1896733
1253,Silver,JPN,Judo,1896735
1254,Silver,JPN,Judo,1896744
1255,Silver,JPN,Judo,1896767
1256,Silver,JPN,Judo,1896762
1257,Silver,JPN,Judo,1896743
1258,Silver,JPN,Judo,1896763
1259,Silver,JPN,Judo,1896740
1260,Silver,JPN,Judo,1896752
1261,Silver,JPN,Judo,1896750
1262,Silver,JPN,Judo,1896765
1263,Silver,JPN,Judo,1896748
1264,Silver,JPN,Judo,1896764
1265,Bronze,BRA,Judo,1953817
1266,Bronze,BRA,Judo,1953835
1267,Bronze,BRA,Judo,1953812
1268,Bronze,BRA,Judo,1953777
1269,Bronze,BRA,Judo,1953781
1270,Bronze,BRA,Judo,1953840
1271,Bronze,BRA,Judo,1953832
1272,Bronze,BRA,Judo,1953799
1273,Bronze,BRA,Judo,1953816
1274,Bronze,BRA,Judo,1953836
1275,Bronze,KOR,Judo,1928067
1276,Bronze,KOR,Judo,1940097
1277,Bronze,KOR,Judo,1940098
1278,Bronze,KOR,Judo,1928071
1279,Bronze,KOR,Judo,1928070
1280,Bronze,KOR,Judo,1928082
1281,Bronze,KOR,Judo,1928064
1282,Bronze,KOR,Judo,1928074
1283,Bronze,KOR,Judo,1928066
1284,Bronze,KOR,Judo,1928079
1285,Bronze,KOR,Judo,1928072
1286,Gold,GBR,Rowing,1901045
1287,Gold,GBR,Rowing,1901068
1288,Gold,GBR,Rowing,1901036
1289,Gold,GBR,Rowing,1901051
1290,Gold,GBR,Rowing,1901062
1291,Gold,GBR,Rowing,1901056
1292,Gold,GBR,Rowing,1901089
1293,Gold,GBR,Rowing,1901064
1294,Gold,GBR,Rowing,1901041
1295,Silver,NED,Rowing,1965596
1296,Silver,NED,Rowing,1965587
1297,Silver,NED,Rowing,1965601
1298,Silver,NED,Rowing,1965592
1299,Silver,NED,Rowing,1965583
1300,Silver,NED,Rowing,1965548
1301,Silver,NED,Rowing,1965597
1302,Silver,NED,Rowing,1965581
1303,Silver,NED,Rowing,1965562
1304,Bronze,USA,Rowing,1944696
1305,Bronze,USA,Rowing,1944757
1306,Bronze,USA,Rowing,1944764
1307,Bronze,USA,Rowing,1944660
1308,Bronze,USA,Rowing,1944642
1309,Bronze,USA,Rowing,1944646
1310,Bronze,USA,Rowing,1944625
1311,Bronze,USA,Rowing,1944747
1312,Bronze,USA,Rowing,1944731
1313,Gold,ROU,Rowing,1550630
1314,Gold,ROU,Rowing,1550289
1315,Gold,ROU,Rowing,1550303
1316,Gold,ROU,Rowing,1550437
1317,Gold,ROU,Rowing,1550285
1318,Gold,ROU,Rowing,1550294
1319,Gold,ROU,Rowing,1550789
1320,Gold,ROU,Rowing,1550560
1321,Gold,ROU,Rowing,1550542
1322,Silver,CAN,Rowing,1967522
1323,Silver,CAN,Rowing,4031142
1324,Silver,CAN,Rowing,1967515
1325,Silver,CAN,Rowing,1967511
1326,Silver,CAN,Rowing,1967530
1327,Silver,CAN,Rowing,1967517
1328,Silver,CAN,Rowing,1967528
1329,Silver,CAN,Rowing,1967508
1330,Silver,CAN,Rowing,1967514
1331,Bronze,GBR,Rowing,1901079
1332,Bronze,GBR,Rowing,1901080
1333,Bronze,GBR,Rowing,1901059
1334,Bronze,GBR,Rowing,1901065
1335,Bronze,GBR,Rowing,1901077
1336,Bronze,GBR,Rowing,1901094
1337,Bronze,GBR,Rowing,1901096
1338,Bronze,GBR,Rowing,1901044
1339,Bronze,GBR,Rowing,1901063
1340,Gold,USA,Swimming,1935984
1341,Gold,USA,Swimming,1935992
1342,Gold,USA,Swimming,1935896
1343,Gold,USA,Swimming,1935860
1344,Gold,USA,Swimming,1935901
1345,Gold,USA,Swimming,1935923
1346,Gold,USA,Swimming,1935957
1347,Gold,USA,Swimming,1935998
1348,Silver,CHN,Swimming,1945132
1349,Silver,CHN,Swimming,1945200
1350,Silver,CHN,Swimming,1945125
1351,Silver,CHN,Swimming,1945148
1352,Silver,CHN,Swimming,1945128
1353,Silver,CHN,Swimming,1945159
1354,Bronze,AUS,Swimming,1946183
1355,Bronze,AUS,Swimming,1946185
1356,Bronze,AUS,Swimming,1946177
1357,Bronze,AUS,Swimming,1946200
1358,Bronze,AUS,Swimming,1946198
1359,Bronze,AUS,Swimming,1946218
1360,Bronze,AUS,Swimming,1946209
1361,Bronze,AUS,Swimming,1946195
1362,Gold,AUS,Tennis,1967767
1363,Gold,AUS,Tennis,1967762
1364,Silver,USA,Tennis,1930790
1365,Silver,USA,Tennis,1930804
1366,Bronze,USA,Tennis,1930782
1367,Bronze,USA,Tennis,1930801
1368,Gold,TPE,Badminton,1570107
1369,Gold,TPE,Badminton,1570105
1370,Silver,CHN,Badminton,1913424
1371,Silver,CHN,Badminton,1913429
1372,Bronze,MAS,Badminton,1566564
1373,Bronze,MAS,Badminton,1569961
1374,Gold,JPN,Fencing,1896550
1375,Gold,JPN,Fencing,1896532
1376,Gold,JPN,Fencing,1896553
1377,Gold,JPN,Fencing,1896551
1378,Silver,ITA,Fencing,1924291
1379,Silver,ITA,Fencing,1924289
1380,Silver,ITA,Fencing,1924287
1381,Silver,ITA,Fencing,1924290
1382,Bronze,FRA,Fencing,1916213
1383,Bronze,FRA,Fencing,1916215
1384,Bronze,FRA,Fencing,1916216
1385,Bronze,FRA,Fencing,1916217
1386,Gold,CHN,Swimming,1945132
1387,Gold,CHN,Swimming,1945128
1388,Gold,CHN,Swimming,1945149
1389,Gold,CHN,Swimming,1945148
1390,Gold,CHN,Swimming,1945127
1391,Silver,USA,Swimming,1935871
1392,Silver,USA,Swimming,1935992
1393,Silver,USA,Swimming,1935915
1394,Silver,USA,Swimming,1935869
1395,Silver,USA,Swimming,1935896
1396,Silver,USA,Swimming,1935901
1397,Silver,USA,Swimming,1935957
1398,Bronze,FRA,Swimming,1909299
1399,Bronze,FRA,Swimming,1909294
1400,Bronze,FRA,Swimming,1909307
1401,Bronze,FRA,Swimming,1909278
1402,Bronze,FRA,Swimming,1909284
1403,Bronze,FRA,Swimming,1909292
1404,Gold,USA,Swimming,1935873
1405,Gold,USA,Swimming,1935999
1406,Gold,USA,Swimming,1935979
1407,Gold,USA,Swimming,1935895
1408,Gold,USA,Swimming,1935923
1409,Gold,USA,Swimming,1935932
1410,Gold,USA,Swimming,1935984
1411,Gold,USA,Swimming,1935998
1412,Silver,AUS,Swimming,1946183
1413,Silver,AUS,Swimming,1946174
1414,Silver,AUS,Swimming,1946146
1415,Silver,AUS,Swimming,1946212
1416,Silver,AUS,Swimming,1946177
1417,Silver,AUS,Swimming,1946198
1418,Silver,AUS,Swimming,1946218
1419,Silver,AUS,Swimming,1946190
1420,Bronze,CHN,Swimming,1945157
1421,Bronze,CHN,Swimming,1945200
1422,Bronze,CHN,Swimming,1945164
1423,Bronze,CHN,Swimming,1945206
1424,Bronze,CHN,Swimming,1945202
1425,Bronze,CHN,Swimming,1945159
1426,Bronze,CHN,Swimming,1945125
1427,Gold,ITA,Tennis,1562409
1428,Gold,ITA,Tennis,1910330
1429,Silver,AIN,Tennis,1979734
1430,Silver,AIN,Tennis,1979732
1431,Bronze,ESP,Tennis,1563687
1432,Bronze,ESP,Tennis,1563681
1433,Gold,NED,3x3 Basketball,1970800
1434,Gold,NED,3x3 Basketball,1970792
1435,Gold,NED,3x3 Basketball,1970796
1436,Gold,NED,3x3 Basketball,1970797
1437,Silver,FRA,3x3 Basketball,1568595
1438,Silver,FRA,3x3 Basketball,1568603
1439,Silver,FRA,3x3 Basketball,1568606
1440,Silver,FRA,3x3 Basketball,1568608
1441,Bronze,LTU,3x3 Basketball,1943480
1442,Bronze,LTU,3x3 Basketball,1943486
1443,Bronze,LTU,3x3 Basketball,1943471
1444,Bronze,LTU,3x3 Basketball,1943515
1445,Gold,GER,3x3 Basketball,1898807
1446,Gold,GER,3x3 Basketball,1898816
1447,Gold,GER,3x3 Basketball,1898835
1448,Gold,GER,3x3 Basketball,1898870
1449,Silver,ESP,3x3 Basketball,1958461
1450,Silver,ESP,3x3 Basketball,1958573
1451,Silver,ESP,3x3 Basketball,1958504
1452,Silver,ESP,3x3 Basketball,1958475
1453,Bronze,USA,3x3 Basketball,1954736
1454,Bronze,USA,3x3 Basketball,1954768
1455,Bronze,USA,3x3 Basketball,1954785
1456,Bronze,USA,3x3 Basketball,1954738
1457,Gold,GBR,Cycling Track,1957082
1458,Gold,GBR,Cycling Track,1912522
1459,Gold,GBR,Cycling Track,1912514
1460,Gold,GBR,Cycling Track,1912564
1461,Silver,NZL,Cycling Track,1945040
1462,Silver,NZL,Cycling Track,1945068
1463,Silver,NZL,Cycling Track,1945035
1464,Silver,NZL,Cycling Track,1945038
1465,Bronze,GER,Cycling Track,1889702
1466,Bronze,GER,Cycling Track,1889704
1467,Bronze,GER,Cycling Track,1889703
1468,Bronze,GER,Cycling Track,1889705
1469,Gold,ITA,Shooting,1915325
1470,Gold,ITA,Shooting,1915333
1471,Silver,USA,Shooting,1944397
1472,Silver,USA,Shooting,1944354
1473,Bronze,CHN,Shooting,1913978
1474,Bronze,CHN,Shooting,1961747
1475,Gold,GER,Triathlon,1558780
1476,Gold,GER,Triathlon,1558784
1477,Gold,GER,Triathlon,1558775
1478,Gold,GER,Triathlon,1558773
1479,Silver,USA,Triathlon,1930750
1480,Silver,USA,Triathlon,1930752
1481,Silver,USA,Triathlon,1930747
1482,Silver,USA,Triathlon,1930739
1483,Bronze,GBR,Triathlon,1904251
1484,Bronze,GBR,Triathlon,1904248
1485,Bronze,GBR,Triathlon,1904232
1486,Bronze,GBR,Triathlon,1904244
1487,Gold,NED,Cycling Track,1969218
1488,Gold,NED,Cycling Track,1969182
1489,Gold,NED,Cycling Track,1969203
1490,Gold,NED,Cycling Track,1969204
1491,Silver,GBR,Cycling Track,1912515
1492,Silver,GBR,Cycling Track,1912568
1493,Silver,GBR,Cycling Track,1912536
1494,Silver,GBR,Cycling Track,1912567
1495,Bronze,AUS,Cycling Track,1940262
1496,Bronze,AUS,Cycling Track,1940263
1497,Bronze,AUS,Cycling Track,1940260
1498,Bronze,AUS,Cycling Track,1940267
1499,Gold,CHN,Artistic Swimming,1908847
1500,Gold,CHN,Artistic Swimming,1908846
1501,Gold,CHN,Artistic Swimming,1908853
1502,Gold,CHN,Artistic Swimming,1908850
1503,Gold,CHN,Artistic Swimming,1908852
1504,Gold,CHN,Artistic Swimming,1908855
1505,Gold,CHN,Artistic Swimming,1908854
1506,Gold,CHN,Artistic Swimming,1908851
1507,Gold,CHN,Artistic Swimming,1908848
1508,Silver,USA,Artistic Swimming,1943038
1509,Silver,USA,Artistic Swimming,1943040
1510,Silver,USA,Artistic Swimming,1943042
1511,Silver,USA,Artistic Swimming,1943043
1512,Silver,USA,Artistic Swimming,1943044
1513,Silver,USA,Artistic Swimming,1943046
1514,Silver,USA,Artistic Swimming,1943048
1515,Silver,USA,Artistic Swimming,1943049
1516,Silver,USA,Artistic Swimming,1943045
1517,Bronze,ESP,Artistic Swimming,1954818
1518,Bronze,ESP,Artistic Swimming,1954815
1519,Bronze,ESP,Artistic Swimming,1954814
1520,Bronze,ESP,Artistic Swimming,1954819
1521,Bronze,ESP,Artistic Swimming,1954816
1522,Bronze,ESP,Artistic Swimming,1954813
1523,Bronze,ESP,Artistic Swimming,1954811
1524,Bronze,ESP,Artistic Swimming,1954809
1525,Bronze,ESP,Artistic Swimming,1954817
1526,Gold,ESP,Athletics,1904165
1527,Gold,ESP,Athletics,1905369
1528,Silver,ECU,Athletics,1929767
1529,Silver,ECU,Athletics,1930407
1530,Bronze,AUS,Athletics,1939848
1531,Bronze,AUS,Athletics,1939791
1532,Gold,AUS,Cycling Track,1940264
1533,Gold,AUS,Cycling Track,1940258
1534,Gold,AUS,Cycling Track,1940265
1535,Gold,AUS,Cycling Track,1940253
1536,Gold,AUS,Cycling Track,1940256
1537,Silver,GBR,Cycling Track,1912571
1538,Silver,GBR,Cycling Track,1912575
1539,Silver,GBR,Cycling Track,1912510
1540,Silver,GBR,Cycling Track,1912560
1541,Silver,GBR,Cycling Track,1957081
1542,Silver,GBR,Cycling Track,1912557
1543,Bronze,ITA,Cycling Track,1923518
1544,Bronze,ITA,Cycling Track,1923520
1545,Bronze,ITA,Cycling Track,1923517
1546,Bronze,ITA,Cycling Track,1923529
1547,Bronze,ITA,Cycling Track,1923521
1548,Gold,USA,Cycling Track,1955077
1549,Gold,USA,Cycling Track,1955080
1550,Gold,USA,Cycling Track,1955081
1551,Gold,USA,Cycling Track,1955106
1552,Gold,USA,Cycling Track,1955108
1553,Gold,USA,Cycling Track,1955079
1554,Silver,NZL,Cycling Track,1945056
1555,Silver,NZL,Cycling Track,1945080
1556,Silver,NZL,Cycling Track,1945081
1557,Silver,NZL,Cycling Track,1945061
1558,Silver,NZL,Cycling Track,1945066
1559,Bronze,GBR,Cycling Track,1912519
1560,Bronze,GBR,Cycling Track,1912507
1561,Bronze,GBR,Cycling Track,1912532
1562,Bronze,GBR,Cycling Track,1912538
1563,Bronze,GBR,Cycling Track,1957083
1564,Bronze,GBR,Cycling Track,1912508
1565,Gold,CHN,Canoe Sprint,1927393
1566,Gold,CHN,Canoe Sprint,1927392
1567,Silver,ITA,Canoe Sprint,1548871
1568,Silver,ITA,Canoe Sprint,1548868
1569,Bronze,ESP,Canoe Sprint,1954023
1570,Bronze,ESP,Canoe Sprint,1953996
1571,Gold,GER,Canoe Sprint,1913740
1572,Gold,GER,Canoe Sprint,1913736
1573,Gold,GER,Canoe Sprint,1913746
1574,Gold,GER,Canoe Sprint,1913737
1575,Silver,AUS,Canoe Sprint,1940222
1576,Silver,AUS,Canoe Sprint,1940221
1577,Silver,AUS,Canoe Sprint,1940217
1578,Silver,AUS,Canoe Sprint,1940220
1579,Bronze,ESP,Canoe Sprint,1953992
1580,Bronze,ESP,Canoe Sprint,1953983
1581,Bronze,ESP,Canoe Sprint,1954051
1582,Bronze,ESP,Canoe Sprint,1954008
1583,Gold,NZL,Canoe Sprint,1945383
1584,Gold,NZL,Canoe Sprint,1945378
1585,Gold,NZL,Canoe Sprint,1945392
1586,Gold,NZL,Canoe Sprint,1945375
1587,Silver,GER,Canoe Sprint,1913800
1588,Silver,GER,Canoe Sprint,1913749
1589,Silver,GER,Canoe Sprint,1913793
1590,Silver,GER,Canoe Sprint,1913743
1591,Bronze,HUN,Canoe Sprint,1570556
1592,Bronze,HUN,Canoe Sprint,1568745
1593,Bronze,HUN,Canoe Sprint,1568350
1594,Bronze,HUN,Canoe Sprint,1568750
1595,Bronze,MAR,Football,1974002
1596,Bronze,MAR,Football,1970338
1597,Bronze,MAR,Football,1966721
1598,Bronze,MAR,Football,1965671
1599,Bronze,MAR,Football,1974721
1600,Bronze,MAR,Football,1965956
1601,Bronze,MAR,Football,1967241
1602,Bronze,MAR,Football,1966630
1603,Bronze,MAR,Football,1970731
1604,Bronze,MAR,Football,1965995
1605,Bronze,MAR,Football,1965809
1606,Bronze,MAR,Football,1965515
1607,Bronze,MAR,Football,1966539
1608,Bronze,MAR,Football,1966919
1609,Bronze,MAR,Football,1967172
1610,Bronze,MAR,Football,1966639
1611,Bronze,MAR,Football,1966642
1612,Bronze,MAR,Football,1966624
1613,Bronze,MAR,Football,1967053
1614,Gold,NED,Hockey,1971941
1615,Gold,NED,Hockey,1971905
1616,Gold,NED,Hockey,1971929
1617,Gold,NED,Hockey,1971922
1618,Gold,NED,Hockey,1971917
1619,Gold,NED,Hockey,1971904
1620,Gold,NED,Hockey,1971921
1621,Gold,NED,Hockey,1971911
1622,Gold,NED,Hockey,1971976
1623,Gold,NED,Hockey,1971980
1624,Gold,NED,Hockey,1971934
1625,Gold,NED,Hockey,1971909
1626,Gold,NED,Hockey,1971956
1627,Gold,NED,Hockey,1971932
1628,Gold,NED,Hockey,1971910
1629,Gold,NED,Hockey,1971963
1630,Gold,NED,Hockey,1971968
1631,Gold,NED,Hockey,1971952
1632,Silver,GER,Hockey,1561321
1633,Silver,GER,Hockey,1561319
1634,Silver,GER,Hockey,1561323
1635,Silver,GER,Hockey,1561318
1636,Silver,GER,Hockey,1561325
1637,Silver,GER,Hockey,1561362
1638,Silver,GER,Hockey,1561360
1639,Silver,GER,Hockey,1561365
1640,Silver,GER,Hockey,1561316
1641,Silver,GER,Hockey,1561413
1642,Silver,GER,Hockey,1561322
1643,Silver,GER,Hockey,1561381
1644,Silver,GER,Hockey,1561320
1645,Silver,GER,Hockey,1561324
1646,Silver,GER,Hockey,1561377
1647,Silver,GER,Hockey,1561374
1648,Silver,GER,Hockey,1561386
1649,Silver,GER,Hockey,1561402
1650,Bronze,IND,Hockey,1543019
1651,Bronze,IND,Hockey,1543026
1652,Bronze,IND,Hockey,1543059
1653,Bronze,IND,Hockey,1543020
1654,Bronze,IND,Hockey,1543033
1655,Bronze,IND,Hockey,1543061
1656,Bronze,IND,Hockey,1543022
1657,Bronze,IND,Hockey,1543017
1658,Bronze,IND,Hockey,1543028
1659,Bronze,IND,Hockey,1543015
1660,Bronze,IND,Hockey,1543064
1661,Bronze,IND,Hockey,1543024
1662,Bronze,IND,Hockey,1543029
1663,Bronze,IND,Hockey,1543031
1664,Bronze,IND,Hockey,1543021
1665,Bronze,IND,Hockey,1543030
1666,Gold,AUT,Sailing,1566451
1667,Gold,AUT,Sailing,1566447
1668,Silver,JPN,Sailing,1941435
1669,Silver,JPN,Sailing,1941438
1670,Bronze,SWE,Sailing,1564652
1671,Bronze,SWE,Sailing,1564651
1672,Gold,ITA,Sailing,1899650
1673,Gold,ITA,Sailing,1899647
1674,Silver,ARG,Sailing,1538041
1675,Silver,ARG,Sailing,1538028
1676,Bronze,NZL,Sailing,1918835
1677,Bronze,NZL,Sailing,1918832
1678,Gold,CAN,Athletics,1974038
1679,Gold,CAN,Athletics,1974049
1680,Gold,CAN,Athletics,1974065
1681,Gold,CAN,Athletics,1974072
1682,Gold,CAN,Athletics,1974096
1683,Gold,CAN,Athletics,1974289
1684,Silver,RSA,Athletics,1981059
1685,Silver,RSA,Athletics,4343340
1686,Silver,RSA,Athletics,1981060
1687,Silver,RSA,Athletics,1981055
1688,Silver,RSA,Athletics,4339445
1689,Bronze,GBR,Athletics,1924439
1690,Bronze,GBR,Athletics,3557190
1691,Bronze,GBR,Athletics,1924431
1692,Bronze,GBR,Athletics,1924442
1693,Bronze,GBR,Athletics,1924457
1694,Gold,USA,Athletics,1960709
1695,Gold,USA,Athletics,1960115
1696,Gold,USA,Athletics,1961011
1697,Gold,USA,Athletics,1960181
1698,Gold,USA,Athletics,1965942
1699,Gold,USA,Athletics,1965868
1700,Silver,GBR,Athletics,1924384
1701,Silver,GBR,Athletics,1956843
1702,Silver,GBR,Athletics,1924432
1703,Silver,GBR,Athletics,1924446
1704,Silver,GBR,Athletics,1924460
1705,Silver,GBR,Athletics,1924507
1706,Bronze,GER,Athletics,1920096
1707,Bronze,GER,Athletics,1920119
1708,Bronze,GER,Athletics,1920142
1709,Bronze,GER,Athletics,1920164
1710,Bronze,GER,Athletics,1920169
1711,Gold,BRA,Beach Volleyball,1964058
1712,Gold,BRA,Beach Volleyball,1964088
1713,Silver,CAN,Beach Volleyball,1967340
1714,Silver,CAN,Beach Volleyball,1967346
1715,Bronze,SUI,Beach Volleyball,1976570
1716,Bronze,SUI,Beach Volleyball,1976465
1717,Gold,GER,Canoe Sprint,1913746
1718,Gold,GER,Canoe Sprint,1913736
1719,Silver,HUN,Canoe Sprint,1570441
1720,Silver,HUN,Canoe Sprint,1570845
1721,Bronze,AUS,Canoe Sprint,1940218
1722,Bronze,AUS,Canoe Sprint,1940223
1723,Gold,CHN,Canoe Sprint,1927382
1724,Gold,CHN,Canoe Sprint,1927383
1725,Silver,UKR,Canoe Sprint,1897153
1726,Silver,UKR,Canoe Sprint,1897155
1727,Bronze,CAN,Canoe Sprint,1964583
1728,Bronze,CAN,Canoe Sprint,1964547
1729,Gold,NZL,Canoe Sprint,1945383
1730,Gold,NZL,Canoe Sprint,1945378
1731,Silver,HUN,Canoe Sprint,1568350
1732,Silver,HUN,Canoe Sprint,1568750
1733,Bronze,GER,Canoe Sprint,1913800
1734,Bronze,GER,Canoe Sprint,1913749
1735,Bronze,HUN,Canoe Sprint,1570556
1736,Bronze,HUN,Canoe Sprint,1568745
1737,Gold,ITA,Cycling Track,1923042
1738,Gold,ITA,Cycling Track,1923048
1739,Silver,GBR,Cycling Track,1912519
1740,Silver,GBR,Cycling Track,1912507
1741,Bronze,NED,Cycling Track,1969170
1742,Bronze,NED,Cycling Track,1969173
1743,Gold,ESP,Football,1942296
1744,Gold,ESP,Football,1942269
1745,Gold,ESP,Football,1942241
1746,Gold,ESP,Football,1942076
1747,Gold,ESP,Football,1942056
1748,Gold,ESP,Football,1942037
1749,Gold,ESP,Football,1942222
1750,Gold,ESP,Football,1942301
1751,Gold,ESP,Football,1942280
1752,Gold,ESP,Football,1942033
1753,Gold,ESP,Football,1942221
1754,Gold,ESP,Football,1942259
1755,Gold,ESP,Football,1942077
1756,Gold,ESP,Football,1942257
1757,Gold,ESP,Football,1942099
1758,Gold,ESP,Football,1942039
1759,Gold,ESP,Football,1942089
1760,Gold,ESP,Football,1942256
1761,Gold,ESP,Football,1942248
1762,Gold,ESP,Football,1942289
1763,Gold,ESP,Football,1942046
1764,Gold,ESP,Football,1942104
1765,Silver,FRA,Football,1900695
1766,Silver,FRA,Football,1900683
1767,Silver,FRA,Football,1900718
1768,Silver,FRA,Football,4669223
1769,Silver,FRA,Football,1900709
1770,Silver,FRA,Football,1900672
1771,Silver,FRA,Football,1900699
1772,Silver,FRA,Football,1900626
1773,Silver,FRA,Football,1900668
1774,Silver,FRA,Football,1900674
1775,Silver,FRA,Football,1900653
1776,Silver,FRA,Football,1900694
1777,Silver,FRA,Football,1900644
1778,Silver,FRA,Football,3549727
1779,Silver,FRA,Football,1900682
1780,Silver,FRA,Football,1900702
1781,Silver,FRA,Football,1900684
1782,Silver,FRA,Football,1900641
1783,Silver,FRA,Football,1900690
1784,Silver,FRA,Football,1900651
1785,Silver,FRA,Football,1900680
1786,Bronze,GER,Football,1880591
1787,Bronze,GER,Football,1880576
1788,Bronze,GER,Football,1880566
1789,Bronze,GER,Football,1880606
1790,Bronze,GER,Football,1880595
1791,Bronze,GER,Football,1880574
1792,Bronze,GER,Football,1880572
1793,Bronze,GER,Football,1880581
1794,Bronze,GER,Football,1880584
1795,Bronze,GER,Football,1880573
1796,Bronze,GER,Football,1880564
1797,Bronze,GER,Football,1880602
1798,Bronze,GER,Football,1880565
1799,Bronze,GER,Football,1880609
1800,Bronze,GER,Football,1880575
1801,Bronze,GER,Football,1880592
1802,Bronze,GER,Football,1880583
1803,Bronze,GER,Football,1880610
1804,Bronze,GER,Football,1880571
1805,Bronze,GER,Football,1880578
1806,Gold,NED,Hockey,1971974
1807,Gold,NED,Hockey,1971927
1808,Gold,NED,Hockey,1971955
1809,Gold,NED,Hockey,1971960
1810,Gold,NED,Hockey,1971978
1811,Gold,NED,Hockey,1971940
1812,Gold,NED,Hockey,1971948
1813,Gold,NED,Hockey,1971903
1814,Gold,NED,Hockey,1971975
1815,Gold,NED,Hockey,1971945
1816,Gold,NED,Hockey,1971950
1817,Gold,NED,Hockey,1971919
1818,Gold,NED,Hockey,1971942
1819,Gold,NED,Hockey,1971965
1820,Gold,NED,Hockey,1971973
1821,Gold,NED,Hockey,1971958
1822,Gold,NED,Hockey,1971923
1823,Silver,CHN,Hockey,1926915
1824,Silver,CHN,Hockey,1926896
1825,Silver,CHN,Hockey,1926914
1826,Silver,CHN,Hockey,1926920
1827,Silver,CHN,Hockey,1926893
1828,Silver,CHN,Hockey,1926908
1829,Silver,CHN,Hockey,1926901
1830,Silver,CHN,Hockey,1926909
1831,Silver,CHN,Hockey,1926894
1832,Silver,CHN,Hockey,1926923
1833,Silver,CHN,Hockey,1926898
1834,Silver,CHN,Hockey,1926895
1835,Silver,CHN,Hockey,1926926
1836,Silver,CHN,Hockey,1926912
1837,Silver,CHN,Hockey,1926922
1838,Silver,CHN,Hockey,1926910
1839,Silver,CHN,Hockey,1926916
1840,Bronze,ARG,Hockey,1538304
1841,Bronze,ARG,Hockey,1538274
1842,Bronze,ARG,Hockey,1538294
1843,Bronze,ARG,Hockey,1538253
1844,Bronze,ARG,Hockey,1538244
1845,Bronze,ARG,Hockey,1538276
1846,Bronze,ARG,Hockey,1538266
1847,Bronze,ARG,Hockey,1538295
1848,Bronze,ARG,Hockey,1538299
1849,Bronze,ARG,Hockey,1538261
1850,Bronze,ARG,Hockey,1538305
1851,Bronze,ARG,Hockey,1538262
1852,Bronze,ARG,Hockey,1538263
1853,Bronze,ARG,Hockey,1538260
1854,Bronze,ARG,Hockey,1538277
1855,Bronze,ARG,Hockey,1900397
1856,Gold,CHN,Table Tennis,1902295
1857,Gold,CHN,Table Tennis,1902300
1858,Gold,CHN,Table Tennis,1902301
1859,Silver,SWE,Table Tennis,1563381
1860,Silver,SWE,Table Tennis,1563386
1861,Silver,SWE,Table Tennis,1563390
1862,Bronze,FRA,Table Tennis,1889178
1863,Bronze,FRA,Table Tennis,1889176
1864,Bronze,FRA,Table Tennis,1889177
1865,Bronze,USA,Volleyball,1917987
1866,Bronze,USA,Volleyball,1917988
1867,Bronze,USA,Volleyball,1917991
1868,Bronze,USA,Volleyball,1917993
1869,Bronze,USA,Volleyball,1918000
1870,Bronze,USA,Volleyball,1918002
1871,Bronze,USA,Volleyball,1918003
1872,Bronze,USA,Volleyball,1917982
1873,Bronze,USA,Volleyball,1918007
1874,Bronze,USA,Volleyball,1918009
1875,Bronze,USA,Volleyball,1918011
1876,Bronze,USA,Volleyball,1918012
1877,Bronze,USA,Volleyball,1917994
1878,Gold,CHN,Artistic Swimming,1908852
1879,Gold,CHN,Artistic Swimming,1908853
1880,Silver,GBR,Artistic Swimming,1544151
1881,Silver,GBR,Artistic Swimming,1980935
1882,Bronze,NED,Artistic Swimming,1972513
1883,Bronze,NED,Artistic Swimming,1972512
1884,Gold,USA,Athletics,1960604
1885,Gold,USA,Athletics,1960684
1886,Gold,USA,Athletics,1960590
1887,Gold,USA,Athletics,1960177
1888,Gold,USA,Athletics,1965202
1889,Gold,USA,Athletics,1965289
1890,Gold,USA,Athletics,1960111
1891,Gold,USA,Athletics,4979564
1892,Silver,BOT,Athletics,4975921
1893,Silver,BOT,Athletics,1950939
1894,Silver,BOT,Athletics,1950897
1895,Silver,BOT,Athletics,1951506
1896,Silver,BOT,Athletics,1950918
1897,Silver,BOT,Athletics,1936983
1898,Bronze,GBR,Athletics,1924406
1899,Bronze,GBR,Athletics,1924409
1900,Bronze,GBR,Athletics,4663897
1901,Bronze,GBR,Athletics,1924426
1902,Bronze,GBR,Athletics,1924430
1903,Bronze,GBR,Athletics,1956853
1904,Bronze,GBR,Athletics,1924402
1905,Gold,USA,Athletics,1960650
1906,Gold,USA,Athletics,4979555
1907,Gold,USA,Athletics,1960984
1908,Gold,USA,Athletics,1961016
1909,Gold,USA,Athletics,1960909
1910,Gold,USA,Athletics,1960179
1911,Gold,USA,Athletics,1965308
1912,Gold,USA,Athletics,1965868
1913,Silver,NED,Athletics,1972078
1914,Silver,NED,Athletics,1972288
1915,Silver,NED,Athletics,1972115
1916,Silver,NED,Athletics,1972240
1917,Silver,NED,Athletics,1972248
1918,Silver,NED,Athletics,4980004
1919,Silver,NED,Athletics,1972251
1920,Bronze,GBR,Athletics,1924383
1921,Bronze,GBR,Athletics,1924437
1922,Bronze,GBR,Athletics,1956846
1923,Bronze,GBR,Athletics,1924464
1924,Bronze,GBR,Athletics,1924463
1925,Bronze,GBR,Athletics,1924470
1926,Bronze,GBR,Athletics,1924506
1927,Bronze,GBR,Athletics,1924509
1928,Gold,USA,Basketball,1954698
1929,Gold,USA,Basketball,1954701
1930,Gold,USA,Basketball,1954714
1931,Gold,USA,Basketball,1954700
1932,Gold,USA,Basketball,1954724
1933,Gold,USA,Basketball,1954705
1934,Gold,USA,Basketball,1954684
1935,Gold,USA,Basketball,1954683
1936,Gold,USA,Basketball,1954709
1937,Gold,USA,Basketball,1954688
1938,Gold,USA,Basketball,1954699
1939,Gold,USA,Basketball,1954687
1940,Silver,FRA,Basketball,1573636
1941,Silver,FRA,Basketball,1573628
1942,Silver,FRA,Basketball,1573627
1943,Silver,FRA,Basketball,1573638
1944,Silver,FRA,Basketball,1573640
1945,Silver,FRA,Basketball,1573632
1946,Silver,FRA,Basketball,1573630
1947,Silver,FRA,Basketball,1573634
1948,Silver,FRA,Basketball,1573633
1949,Silver,FRA,Basketball,1573639
1950,Silver,FRA,Basketball,1573660
1951,Silver,FRA,Basketball,1573642
1952,Bronze,SRB,Basketball,1948421
1953,Bronze,SRB,Basketball,1948420
1954,Bronze,SRB,Basketball,1948413
1955,Bronze,SRB,Basketball,1948404
1956,Bronze,SRB,Basketball,1948416
1957,Bronze,SRB,Basketball,1948407
1958,Bronze,SRB,Basketball,1948411
1959,Bronze,SRB,Basketball,1948417
1960,Bronze,SRB,Basketball,1948408
1961,Bronze,SRB,Basketball,1948405
1962,Bronze,SRB,Basketball,1948402
1963,Bronze,SRB,Basketball,1948418
1964,Gold,SWE,Beach Volleyball,1934586
1965,Gold,SWE,Beach Volleyball,1934579
1966,Silver,GER,Beach Volleyball,1562864
1967,Silver,GER,Beach Volleyball,1562868
1968,Bronze,NOR,Beach Volleyball,1878383
1969,Bronze,NOR,Beach Volleyball,1878386
1970,Gold,POR,Cycling Track,1933816
1971,Gold,POR,Cycling Track,1933821
1972,Silver,ITA,Cycling Track,1923518
1973,Silver,ITA,Cycling Track,1923519
1974,Bronze,DEN,Cycling Track,1879180
1975,Bronze,DEN,Cycling Track,1879160
1976,Gold,USA,Football,1943575
1977,Gold,USA,Football,1943553
1978,Gold,USA,Football,1943542
1979,Gold,USA,Football,1943555
1980,Gold,USA,Football,1943580
1981,Gold,USA,Football,1943566
1982,Gold,USA,Football,1943588
1983,Gold,USA,Football,1943596
1984,Gold,USA,Football,1943591
1985,Gold,USA,Football,1943558
1986,Gold,USA,Football,1943586
1987,Gold,USA,Football,1943550
1988,Gold,USA,Football,1943576
1989,Gold,USA,Football,1943587
1990,Gold,USA,Football,1943585
1991,Gold,USA,Football,1943567
1992,Gold,USA,Football,1943547
1993,Gold,USA,Football,1943574
1994,Gold,USA,Football,4665325
1995,Gold,USA,Football,1943569
1996,Silver,BRA,Football,1967608
1997,Silver,BRA,Football,1967575
1998,Silver,BRA,Football,1967629
1999,Silver,BRA,Football,1967625
2000,Silver,BRA,Football,1967616
2001,Silver,BRA,Football,1967626
2002,Silver,BRA,Football,1967602
2003,Silver,BRA,Football,1967635
2004,Silver,BRA,Football,1967574
2005,Silver,BRA,Football,1967617
2006,Silver,BRA,Football,1967599
2007,Silver,BRA,Football,1967630
2008,Silver,BRA,Football,1967636
2009,Silver,BRA,Football,1967612
2010,Silver,BRA,Football,1967628
2011,Silver,BRA,Football,1967594
2012,Silver,BRA,Football,1967565
2013,Silver,BRA,Football,1967593
2014,Silver,BRA,Football,1967623
2015,Silver,BRA,Football,1967567
2016,Silver,BRA,Football,1967606
2017,Silver,BRA,Football,1967607
2018,Gold,NOR,Handball,1878514
2019,Gold,NOR,Handball,1878518
2020,Gold,NOR,Handball,1878496
2021,Gold,NOR,Handball,1878486
2022,Gold,NOR,Handball,1878515
2023,Gold,NOR,Handball,1878492
2024,Gold,NOR,Handball,1878516
2025,Gold,NOR,Handball,1878511
2026,Gold,NOR,Handball,1878493
2027,Gold,NOR,Handball,1878509
2028,Gold,NOR,Handball,1878501
2029,Gold,NOR,Handball,1878487
2030,Gold,NOR,Handball,1878500
2031,Gold,NOR,Handball,1878495
2032,Gold,NOR,Handball,1878490
2033,Silver,FRA,Handball,1879834
2034,Silver,FRA,Handball,1879845
2035,Silver,FRA,Handball,1879853
2036,Silver,FRA,Handball,1879854
2037,Silver,FRA,Handball,1879842
2038,Silver,FRA,Handball,1879856
2039,Silver,FRA,Handball,1879826
2040,Silver,FRA,Handball,1879830
2041,Silver,FRA,Handball,1879839
2042,Silver,FRA,Handball,1893824
2043,Silver,FRA,Handball,1879831
2044,Silver,FRA,Handball,1879846
2045,Silver,FRA,Handball,1879847
2046,Silver,FRA,Handball,1879836
2047,Silver,FRA,Handball,1946320
2048,Silver,FRA,Handball,1879835
2049,Silver,FRA,Handball,1879851
2050,Bronze,DEN,Handball,1895245
2051,Bronze,DEN,Handball,1895210
2052,Bronze,DEN,Handball,1895215
2053,Bronze,DEN,Handball,1895159
2054,Bronze,DEN,Handball,1895232
2055,Bronze,DEN,Handball,1895250
2056,Bronze,DEN,Handball,1895246
2057,Bronze,DEN,Handball,1895168
2058,Bronze,DEN,Handball,1895224
2059,Bronze,DEN,Handball,1895214
2060,Bronze,DEN,Handball,1895187
2061,Bronze,DEN,Handball,1895213
2062,Bronze,DEN,Handball,1895152
2063,Bronze,DEN,Handball,1895226
2064,Bronze,DEN,Handball,1895166
2065,Gold,CHN,Table Tennis,1902307
2066,Gold,CHN,Table Tennis,1902313
2067,Gold,CHN,Table Tennis,1902314
2068,Silver,JPN,Table Tennis,1931100
2069,Silver,JPN,Table Tennis,1931098
2070,Silver,JPN,Table Tennis,1931101
2071,Bronze,KOR,Table Tennis,1936435
2072,Bronze,KOR,Table Tennis,1936419
2073,Bronze,KOR,Table Tennis,1936425
2074,Gold,FRA,Volleyball,1574049
2075,Gold,FRA,Volleyball,1574045
2076,Gold,FRA,Volleyball,1574055
2077,Gold,FRA,Volleyball,1574057
2078,Gold,FRA,Volleyball,1574048
2079,Gold,FRA,Volleyball,1574061
2080,Gold,FRA,Volleyball,1574041
2081,Gold,FRA,Volleyball,1574067
2082,Gold,FRA,Volleyball,1574046
2083,Gold,FRA,Volleyball,1574058
2084,Gold,FRA,Volleyball,1574060
2085,Gold,FRA,Volleyball,1574065
2086,Gold,FRA,Volleyball,1574043
2087,Silver,POL,Volleyball,1902882
2088,Silver,POL,Volleyball,1902890
2089,Silver,POL,Volleyball,1902892
2090,Silver,POL,Volleyball,1902902
2091,Silver,POL,Volleyball,1902893
2092,Silver,POL,Volleyball,1902886
2093,Silver,POL,Volleyball,1902901
2094,Silver,POL,Volleyball,1902910
2095,Silver,POL,Volleyball,1902881
2096,Silver,POL,Volleyball,1902869
2097,Silver,POL,Volleyball,1902875
2098,Silver,POL,Volleyball,1902880
2099,Silver,POL,Volleyball,1902870
2100,Bronze,BRA,Volleyball,1964076
2101,Bronze,BRA,Volleyball,1964152
2102,Bronze,BRA,Volleyball,1964140
2103,Bronze,BRA,Volleyball,1964180
2104,Bronze,BRA,Volleyball,1964167
2105,Bronze,BRA,Volleyball,1964169
2106,Bronze,BRA,Volleyball,1964094
2107,Bronze,BRA,Volleyball,1964065
2108,Bronze,BRA,Volleyball,1964063
2109,Bronze,BRA,Volleyball,1964106
2110,Bronze,BRA,Volleyball,1964183
2111,Bronze,BRA,Volleyball,1964136
2112,Bronze,BRA,Volleyball,1964151
2113,Gold,ESP,Water Polo,1954878
2114,Gold,ESP,Water Polo,1954897
2115,Gold,ESP,Water Polo,1954877
2116,Gold,ESP,Water Polo,1954893
2117,Gold,ESP,Water Polo,1954895
2118,Gold,ESP,Water Polo,1954875
2119,Gold,ESP,Water Polo,1954900
2120,Gold,ESP,Water Polo,1954894
2121,Gold,ESP,Water Polo,1954880
2122,Gold,ESP,Water Polo,1954874
2123,Gold,ESP,Water Polo,1954881
2124,Gold,ESP,Water Polo,1954886
2125,Gold,ESP,Water Polo,1954903
2126,Silver,AUS,Water Polo,1947514
2127,Silver,AUS,Water Polo,1947523
2128,Silver,AUS,Water Polo,1947513
2129,Silver,AUS,Water Polo,1947506
2130,Silver,AUS,Water Polo,1947540
2131,Silver,AUS,Water Polo,1947497
2132,Silver,AUS,Water Polo,1947508
2133,Silver,AUS,Water Polo,1947541
2134,Silver,AUS,Water Polo,1947546
2135,Silver,AUS,Water Polo,1947498
2136,Silver,AUS,Water Polo,1947528
2137,Silver,AUS,Water Polo,1947512
2138,Silver,AUS,Water Polo,1947515
2139,Bronze,NED,Water Polo,1968845
2140,Bronze,NED,Water Polo,1968848
2141,Bronze,NED,Water Polo,1968857
2142,Bronze,NED,Water Polo,1968858
2143,Bronze,NED,Water Polo,1968860
2144,Bronze,NED,Water Polo,1968855
2145,Bronze,NED,Water Polo,1968851
2146,Bronze,NED,Water Polo,1968847
2147,Bronze,NED,Water Polo,1968856
2148,Bronze,NED,Water Polo,1968850
2149,Bronze,NED,Water Polo,1968854
2150,Bronze,NED,Water Polo,1968853
2151,Bronze,NED,Water Polo,1968846
2152,Gold,USA,Basketball,1954742
2153,Gold,USA,Basketball,1954748
2154,Gold,USA,Basketball,1954739
2155,Gold,USA,Basketball,1954730
2156,Gold,USA,Basketball,1954734
2157,Gold,USA,Basketball,1954757
2158,Gold,USA,Basketball,1954752
2159,Gold,USA,Basketball,1954729
2160,Gold,USA,Basketball,1954753
2161,Gold,USA,Basketball,1954758
2162,Gold,USA,Basketball,1954754
2163,Gold,USA,Basketball,1954735
2164,Silver,FRA,Basketball,1573445
2165,Silver,FRA,Basketball,1573442
2166,Silver,FRA,Basketball,1573452
2167,Silver,FRA,Basketball,1573439
2168,Silver,FRA,Basketball,1573454
2169,Silver,FRA,Basketball,1573455
2170,Silver,FRA,Basketball,1573451
2171,Silver,FRA,Basketball,1573457
2172,Silver,FRA,Basketball,1573440
2173,Silver,FRA,Basketball,1573448
2174,Silver,FRA,Basketball,1573449
2175,Silver,FRA,Basketball,1573441
2176,Bronze,AUS,Basketball,1939955
2177,Bronze,AUS,Basketball,1939956
2178,Bronze,AUS,Basketball,1939970
2179,Bronze,AUS,Basketball,1939971
2180,Bronze,AUS,Basketball,1939943
2181,Bronze,AUS,Basketball,1939952
2182,Bronze,AUS,Basketball,1939964
2183,Bronze,AUS,Basketball,1939948
2184,Bronze,AUS,Basketball,1939946
2185,Bronze,AUS,Basketball,1939954
2186,Bronze,AUS,Basketball,1939959
2187,Bronze,AUS,Basketball,1939967
2188,Gold,DEN,Handball,1895223
2189,Gold,DEN,Handball,1895248
2190,Gold,DEN,Handball,1895241
2191,Gold,DEN,Handball,1895238
2192,Gold,DEN,Handball,1895239
2193,Gold,DEN,Handball,1895202
2194,Gold,DEN,Handball,1895227
2195,Gold,DEN,Handball,1895228
2196,Gold,DEN,Handball,1895237
2197,Gold,DEN,Handball,1895172
2198,Gold,DEN,Handball,1895235
2199,Gold,DEN,Handball,1895161
2200,Gold,DEN,Handball,1895178
2201,Gold,DEN,Handball,1895234
2202,Gold,DEN,Handball,1895236
2203,Gold,DEN,Handball,1895180
2204,Silver,GER,Handball,1899256
2205,Silver,GER,Handball,1899239
2206,Silver,GER,Handball,1899226
2207,Silver,GER,Handball,1899206
2208,Silver,GER,Handball,1899237
2209,Silver,GER,Handball,1899214
2210,Silver,GER,Handball,1899227
2211,Silver,GER,Handball,1899231
2212,Silver,GER,Handball,1899185
2213,Silver,GER,Handball,1899247
2214,Silver,GER,Handball,1899193
2215,Silver,GER,Handball,1899181
2216,Silver,GER,Handball,1899252
2217,Silver,GER,Handball,1899246
2218,Silver,GER,Handball,3546884
2219,Silver,GER,Handball,1899187
2220,Bronze,ESP,Handball,1948272
2221,Bronze,ESP,Handball,1948260
2222,Bronze,ESP,Handball,1948239
2223,Bronze,ESP,Handball,1948238
2224,Bronze,ESP,Handball,1948246
2225,Bronze,ESP,Handball,1948251
2226,Bronze,ESP,Handball,1948281
2227,Bronze,ESP,Handball,1948233
2228,Bronze,ESP,Handball,1948252
2229,Bronze,ESP,Handball,1948288
2230,Bronze,ESP,Handball,1948280
2231,Bronze,ESP,Handball,1948240
2232,Bronze,ESP,Handball,1948268
2233,Bronze,ESP,Handball,1948244
2234,Bronze,ESP,Handball,1948278
2235,Gold,ITA,Volleyball,1921740
2236,Gold,ITA,Volleyball,1921757
2237,Gold,ITA,Volleyball,1921738
2238,Gold,ITA,Volleyball,1921747
2239,Gold,ITA,Volleyball,1921751
2240,Gold,ITA,Volleyball,1921746
2241,Gold,ITA,Volleyball,1921742
2242,Gold,ITA,Volleyball,1921752
2243,Gold,ITA,Volleyball,1921743
2244,Gold,ITA,Volleyball,1969716
2245,Gold,ITA,Volleyball,1921761
2246,Gold,ITA,Volleyball,1921753
2247,Gold,ITA,Volleyball,1921749
2248,Silver,USA,Volleyball,1917762
2249,Silver,USA,Volleyball,1917759
2250,Silver,USA,Volleyball,1917760
2251,Silver,USA,Volleyball,1917765
2252,Silver,USA,Volleyball,1917766
2253,Silver,USA,Volleyball,1917769
2254,Silver,USA,Volleyball,1917758
2255,Silver,USA,Volleyball,1917738
2256,Silver,USA,Volleyball,1917752
2257,Silver,USA,Volleyball,1917741
2258,Silver,USA,Volleyball,1917757
2259,Silver,USA,Volleyball,1917756
2260,Silver,USA,Volleyball,1917746
2261,Gold,SRB,Water Polo,1956434
2262,Gold,SRB,Water Polo,1956444
2263,Gold,SRB,Water Polo,1956459
2264,Gold,SRB,Water Polo,1956456
2265,Gold,SRB,Water Polo,1956426
2266,Gold,SRB,Water Polo,1956427
2267,Gold,SRB,Water Polo,1956432
2268,Gold,SRB,Water Polo,1956440
2269,Gold,SRB,Water Polo,1956466
2270,Gold,SRB,Water Polo,1956465
2271,Gold,SRB,Water Polo,1956457
2272,Gold,SRB,Water Polo,1956438
2273,Gold,SRB,Water Polo,1956448
2274,Silver,CRO,Water Polo,1915766
2275,Silver,CRO,Water Polo,1915768
2276,Silver,CRO,Water Polo,1915778
2277,Silver,CRO,Water Polo,1915781
2278,Silver,CRO,Water Polo,1915784
2279,Silver,CRO,Water Polo,1915769
2280,Silver,CRO,Water Polo,1915792
2281,Silver,CRO,Water Polo,1915791
2282,Silver,CRO,Water Polo,1915802
2283,Silver,CRO,Water Polo,1915790
2284,Silver,CRO,Water Polo,1915801
2285,Silver,CRO,Water Polo,1915782
2286,Silver,CRO,Water Polo,1915793
2287,Bronze,USA,Water Polo,1908370
2288,Bronze,USA,Water Polo,1908360
2289,Bronze,USA,Water Polo,1908369
2290,Bronze,USA,Water Polo,1908365
2291,Bronze,USA,Water Polo,1908353
2292,Bronze,USA,Water Polo,1908352
2293,Bronze,USA,Water Polo,1908357
2294,Bronze,USA,Water Polo,1908371
2295,Bronze,USA,Water Polo,1908350
2296,Bronze,USA,Water Polo,1908354
2297,Bronze,USA,Water Polo,1908355
2298,Bronze,USA,Water Polo,1908361
2299,Bronze,USA,Water Polo,1908359
2300,Gold,CHN,Rhythmic Gymnastics,1927515
2301,Gold,CHN,Rhythmic Gymnastics,1927516
2302,Gold,CHN,Rhythmic Gymnastics,1927517
2303,Gold,CHN,Rhythmic Gymnastics,1927518
2304,Gold,CHN,Rhythmic Gymnastics,1927519
2305,Silver,ISR,Rhythmic Gymnastics,1908226
2306,Silver,ISR,Rhythmic Gymnastics,1908240
2307,Silver,ISR,Rhythmic Gymnastics,1908233
2308,Silver,ISR,Rhythmic Gymnastics,1908235
2309,Silver,ISR,Rhythmic Gymnastics,1908230
2310,Bronze,ITA,Rhythmic Gymnastics,1923700
2311,Bronze,ITA,Rhythmic Gymnastics,1923701
2312,Bronze,ITA,Rhythmic Gymnastics,1923699
2313,Bronze,ITA,Rhythmic Gymnastics,1923703
2314,Bronze,ITA,Rhythmic Gymnastics,1923704
